MDAY전체TOT_RAW61,M일HAP_61,MVIT,Q8a06,Q8a07,Q9_5A7,Q8_1a5,Q8_1a6,cluster
471.82500000000016,4.0,1,0,0,0,0,0,1
139.8,7.0,1,1,0,0,0,0,1
231.24999999999997,6.0,10,0,1,0,0,0,1
166.88333333333335,6.0,1,0,0,0,0,0,1
62.91000000000001,8.0,1,1,0,0,0,0,1
228.89181818181825,11.0,1,1,1,0,0,1,1
115.0,11.0,1,0,1,0,0,0,1
266.24999999999994,4.0,1,0,1,0,0,0,1
187.50000000000003,8.0,1,0,0,0,0,0,1
133.5534,5.0,1,0,0,0,0,0,1
664.0,10.0,10,0,0,0,0,0,2
138.49848484848488,6.0,2,0,0,0,0,0,1
547.3500000000001,4.0,3,1,0,0,0,1,1
166.66666666666666,18.0,1,0,1,0,0,0,0
146.0,4.0,1,0,0,0,1,0,1
183.03333333333327,6.0,3,0,0,0,0,0,1
22.0,33.0,10,0,0,1,0,0,0
193.80000000000004,5.0,2,0,0,0,1,0,1
442.8571428571428,14.0,1,1,1,0,0,0,1
162.5,16.0,1,1,0,0,0,0,1
44.58845238095238,21.0,2,1,1,1,0,0,0
137.6233333333333,6.0,1,0,0,0,1,0,1
144.34928571428568,7.0,1,0,0,0,1,0,1
507.0333333333333,6.0,1,0,0,0,0,0,1
650.0,8.0,1,0,0,0,0,0,1
90.96044285714284,21.0,10,0,0,0,0,0,0
425.5037037037037,9.0,1,0,0,0,0,0,1
118.05555555555556,18.0,1,0,0,1,0,0,0
229.272,5.0,2,0,0,0,0,0,1
180.88,5.0,2,0,0,0,0,0,1
187.2715,5.0,5,0,0,1,0,0,1
189.278,5.0,1,0,0,0,0,0,1
185.73428571428568,7.0,2,0,1,0,1,0,1
320.00000000000006,5.0,2,0,0,0,0,0,1
273.3333333333333,6.0,2,0,0,0,0,0,1
699.0,5.0,20,0,0,0,0,0,2
166.66666666666666,18.0,12,0,1,1,0,0,0
973.3333333333334,3.0,2,0,0,0,0,0,2
781.25,8.0,1,0,0,0,1,0,2
468.78,7.0,1,0,0,0,0,0,1
400.52,5.0,1,0,0,0,0,0,1
22.0,8.0,1,0,0,0,0,0,1
377.4600000000001,5.0,5,0,0,0,0,0,1
437.5,6.0,1,0,0,0,0,0,1
266.833125,8.0,1,0,0,0,0,0,1
700.0,7.0,2,0,0,0,0,0,2
291.99999999999994,5.0,5,0,0,0,1,0,1
22.0,6.0,20,0,0,0,0,0,2
314.3352857142858,7.0,5,0,0,1,1,0,1
95.0,5.0,1,0,0,0,0,0,1
171.2727272727273,11.0,1,0,0,0,0,0,1
150.72000000000003,12.0,2,1,1,0,0,1,1
275.00000000000006,10.0,1,1,1,0,1,0,1
1474.6,4.0,8,0,0,0,0,0,2
579.1333333333333,3.0,4,0,0,0,1,0,2
179.2725,8.0,1,1,0,0,1,0,1
72.47666666666667,30.0,5,0,0,1,0,0,0
22.0,7.0,5,0,0,0,1,0,1
95.06874999999998,8.0,1,0,0,0,0,0,1
474.25,10.0,1,1,0,0,0,1,1
738.9224999999999,8.0,1,0,0,0,0,0,2
247.5,8.0,1,1,1,0,1,0,1
427.4999999999999,4.0,2,0,0,0,0,0,1
342.5,6.0,1,1,1,0,0,0,1
250.0,8.0,10,0,0,0,0,0,1
450.0,10.0,3,0,0,1,0,0,1
165.76285714285717,7.0,1,1,0,0,0,1,1
149.8172,15.0,1,0,0,1,0,0,1
624.2383333333333,6.0,1,0,0,1,0,0,1
322.5,6.0,1,0,1,0,1,0,1
750.0,4.0,1,0,1,0,1,0,2
236.66666666666663,3.0,1,0,0,0,0,0,1
165.71428571428572,7.0,2,0,1,1,1,0,1
425.00000000000006,6.0,1,0,0,0,1,0,1
857.1428571428571,7.0,2,0,0,0,0,0,2
213.0,5.0,1,0,0,1,0,0,1
125.49953571428571,28.0,1,1,1,0,1,0,0
262.728,8.0,1,1,1,0,1,0,1
112.90322580645162,31.0,1,0,0,1,0,0,0
34.95,4.0,1,0,0,0,0,0,1
114.58333333333331,18.0,1,0,0,0,0,0,0
27.405585365853668,35.0,2,0,1,1,0,0,0
27.40558536585366,35.0,1,0,0,1,1,0,0
60.410161290322584,31.0,1,0,0,1,0,0,0
107.5635,20.0,1,1,0,0,0,0,0
259.62857142857143,7.0,5,0,0,0,0,0,1
263.8235294117647,17.0,1,0,1,0,0,0,1
24.42671739130435,35.0,1,0,0,1,0,0,0
36.24609677419356,31.0,1,0,0,1,0,0,0
253.33333333333331,15.0,1,1,1,0,0,1,1
224.7258,5.0,1,0,0,0,0,0,1
943.65,4.0,1,0,0,0,0,0,2
230.0,5.0,1,0,1,0,1,0,1
36.24609677419355,31.0,2,0,0,1,0,0,0
562.76,5.0,2,0,0,0,0,0,1
94.88422666666668,15.0,1,0,0,0,0,0,1
1333.3333333333337,3.0,1,0,0,0,0,0,2
307.6666666666667,3.0,3,0,0,0,0,0,1
188.4000000000001,7.0,1,0,1,0,1,0,1
112.63333333333335,15.0,2,0,0,1,0,0,1
192.8017647058823,17.0,1,1,1,0,0,0,1
292.8466666666667,15.0,3,0,0,0,0,0,1
101.37000000000002,15.0,3,0,1,1,0,0,1
460.6665000000001,3.0,1,0,0,0,1,0,1
59.91428571428572,21.0,5,0,0,0,0,0,0
106.5,6.0,5,0,0,1,0,0,1
126.0,11.0,1,1,0,0,1,0,1
173.0048,10.0,2,1,1,0,1,1,1
223.91590909090908,11.0,4,0,0,0,0,0,1
1375.0,4.0,1,0,0,0,0,0,2
126.19458333333334,18.0,1,0,0,1,1,0,0
106.15272727272728,33.0,1,1,1,0,0,1,0
351.25,8.0,1,1,1,0,1,0,1
64.99781250000001,32.0,7,0,0,1,0,0,0
156.3857142857143,14.0,1,1,0,0,1,0,1
123.74285714285716,7.0,10,0,0,1,0,0,1
331.42857142857144,7.0,1,1,1,0,1,0,1
998.91375,8.0,4,0,0,0,1,0,2
324.384,5.0,1,0,1,0,1,0,1
251.2,6.0,2,1,1,0,0,1,1
326.56,6.0,5,0,0,0,0,0,1
346.6666666666667,15.0,1,0,1,0,1,0,1
325.0,8.0,1,0,0,0,0,0,1
451.4344,5.0,3,0,0,0,0,0,1
209.49800000000005,10.0,1,0,0,0,0,0,1
255.80000000000004,6.0,12,0,0,0,0,0,2
358.12000000000006,5.0,1,0,0,0,0,0,1
511.6000000000002,5.0,2,1,0,0,0,0,1
468.9666666666667,6.0,3,0,0,0,0,0,1
407.6812500000001,4.0,3,0,0,0,0,0,1
281.38,5.0,5,0,0,0,0,0,1
1534.8,5.0,5,0,0,0,0,0,2
181.94615384615383,13.0,2,0,1,0,0,0,1
730.0,3.0,5,0,0,0,0,0,2
58.8235294117647,34.0,5,0,0,1,0,0,0
374.73333333333335,6.0,4,0,0,0,0,0,1
174.75,8.0,1,0,0,0,0,0,1
401.5,4.0,3,1,0,0,0,0,1
949.0,4.0,5,0,0,0,0,0,2
198.0,10.0,1,1,1,0,1,0,1
226.875,8.0,1,1,1,0,1,1,1
269.2857142857143,7.0,1,1,1,0,1,0,1
480.0,3.0,1,0,0,0,0,0,1
277.5,6.0,1,1,1,0,1,0,1
260.7142857142857,7.0,1,1,1,0,1,0,1
32.56895652173913,35.0,1,0,0,1,1,0,0
800.0,4.0,5,0,0,0,1,0,2
438.0,4.0,4,0,0,0,0,0,1
60.410161290322584,31.0,1,0,0,1,0,0,0
285.7142857142857,7.0,1,1,1,0,1,0,1
36.54078048780488,35.0,1,0,0,1,0,0,0
281.6666666666667,6.0,1,1,1,0,0,1,1
186.55555555555551,6.0,2,0,0,1,1,0,1
64.20737142857143,21.0,2,0,0,1,0,0,0
262.85714285714283,7.0,1,1,1,0,0,1,1
503.7,4.0,4,0,0,0,0,0,1
62.91,10.0,2,0,1,1,0,0,1
249.69533333333337,6.0,1,0,0,0,0,0,1
347.85714285714283,7.0,1,1,1,0,0,0,1
1687.4999999999998,3.0,3,0,0,0,0,0,2
1575.0,4.0,1,0,1,0,1,0,2
346.6666666666667,15.0,1,1,0,1,1,0,1
411.875,8.0,1,1,1,0,0,0,1
187.27150000000003,6.0,1,0,0,0,0,0,1
272.5,8.0,2,1,1,1,0,0,1
224.7258,6.0,1,0,0,0,0,0,1
285.59428571428566,7.0,1,0,1,0,0,0,1
417.5,8.0,1,1,1,0,1,1,1
72.49219354838712,31.0,3,0,0,1,0,0,0
129.76190476190476,21.0,1,1,1,0,1,1,0
48.32812903225807,31.0,1,0,0,1,0,0,0
1687.4999999999998,3.0,2,0,1,0,1,0,2
337.6128,4.0,2,1,1,0,1,0,1
435.0,5.0,1,1,1,0,1,1,1
236.25,8.0,1,1,1,0,1,1,1
620.0,5.0,1,0,0,0,1,0,1
255.0,8.0,1,1,1,0,1,0,1
374.99999999999994,3.0,1,0,1,0,0,0,1
321.42857142857144,7.0,2,0,1,0,1,0,1
431.25,8.0,1,1,1,0,1,0,1
455.7142857142857,7.0,1,1,1,0,1,1,1
186.66666666666663,15.0,1,1,1,1,1,1,1
1687.4999999999998,3.0,5,0,0,0,0,0,2
1450.0,4.0,1,1,1,0,1,0,2
461.25,8.0,1,1,1,0,1,1,1
113.05084745762711,35.0,3,0,0,0,0,0,0
190.00114285714284,21.0,2,0,1,0,1,0,0
146.055,6.0,2,0,0,0,0,0,1
273.35314285714287,7.0,3,0,0,0,0,0,1
340.0,5.0,1,1,0,0,0,1,1
361.66,5.0,1,0,0,0,0,0,1
306.0200000000001,5.0,1,0,0,0,0,0,1
212.5,4.0,1,0,0,0,0,0,1
182.221,5.0,2,0,0,0,0,0,1
219.3548387096774,31.0,3,0,0,1,0,0,0
468.9666666666667,6.0,1,0,0,0,0,0,1
184.59849999999997,5.0,1,0,0,0,0,0,1
230.02,5.0,1,0,0,0,0,0,1
286.538,11.0,6,0,1,0,1,0,1
274.3033333333332,6.0,5,0,0,0,0,0,1
148.27586206896552,29.0,3,1,0,0,0,1,0
211.4,6.0,1,1,0,0,0,1,1
212.49818181818185,11.0,2,1,1,0,1,0,1
239.18399999999997,10.0,1,0,0,0,0,0,1
253.68000000000004,12.0,3,1,1,0,0,0,1
184.0992,15.0,2,1,0,0,1,0,1
291.6666666666667,12.0,2,0,0,1,0,0,1
295.3576,5.0,1,0,0,0,0,0,1
304.41600000000005,15.0,1,0,0,0,0,0,1
146.15384615384616,13.0,1,0,1,0,0,0,1
297.14285714285717,7.0,1,0,0,1,0,0,1
951.3,4.0,1,0,0,0,0,0,2
93.18857142857142,28.0,1,1,1,0,1,1,0
453.0,4.0,3,0,0,0,1,0,1
92.29925,16.0,1,0,0,1,0,0,1
364.8,5.0,1,1,0,0,1,1,1
138.448875,16.0,1,0,0,1,0,0,1
98.06451612903226,31.0,6,0,0,1,0,0,0
70.3232380952381,21.0,1,0,0,1,1,0,0
307.66416666666663,6.0,1,0,0,0,0,0,1
263.99999999999994,12.0,3,0,0,0,0,0,1
134.25345454545456,11.0,1,0,1,1,0,0,1
56.79953846153846,26.0,1,0,0,1,0,0,0
181.2421636363636,11.0,1,0,1,0,0,0,1
369.37142857142857,7.0,1,0,0,0,0,0,1
1319.4444444444443,9.0,2,0,0,0,0,0,2
463.6375,8.0,1,0,0,0,1,0,1
250.54814814814816,9.0,3,0,0,0,0,0,1
216.4333333333333,6.0,4,1,0,0,0,0,1
160.0,5.0,1,0,1,0,0,0,1
310.46149999999994,10.0,1,0,1,0,0,0,1
174.58350000000004,6.0,10,0,0,0,0,0,1
369.19699999999995,5.0,1,0,0,0,0,0,1
295.3576,5.0,1,0,0,0,0,0,1
1012.5,4.0,3,1,1,0,1,1,2
26.060964705882352,35.0,1,0,0,1,0,0,0
47.63832258064516,31.0,1,0,1,1,0,0,0
369.19699999999995,5.0,1,0,0,0,0,0,1
295.3576,5.0,1,0,0,0,0,0,1
246.40000000000003,5.0,2,0,0,0,1,0,1
352.0,5.0,4,0,0,0,0,0,1
369.1969999999999,5.0,1,0,0,0,0,0,1
260.7266666666667,6.0,1,0,0,0,0,0,1
72.85714285714286,7.0,10,0,0,1,0,0,1
134.25345454545456,11.0,1,0,0,1,1,0,1
175.368575,8.0,1,0,0,0,0,0,1
299.48333333333335,6.0,1,0,0,0,0,0,1
107.40276363636364,11.0,2,0,0,1,0,0,1
351.2763333333333,6.0,5,1,1,0,0,0,1
286.9,7.0,2,0,0,0,0,0,1
295.3576,5.0,1,0,0,0,0,0,1
483.2000000000001,7.0,2,0,0,0,0,0,1
295.3576,5.0,1,0,0,0,0,0,1
106.66666666666669,15.0,5,0,0,1,0,0,0
308.884,5.0,1,0,0,0,1,0,1
160.19250000000002,16.0,3,0,0,1,0,0,1
588.8,5.0,1,0,0,0,1,0,1
170.5333333333334,9.0,4,0,0,1,0,0,1
382.4100000000001,10.0,1,1,0,1,0,0,1
295.3576,5.0,1,0,0,0,0,0,1
704.0,5.0,1,1,0,0,0,0,2
319.12500000000006,8.0,2,0,0,1,1,0,1
27.508796078431367,35.0,1,0,0,1,0,0,0
64.28571428571429,14.0,2,0,0,1,0,0,1
201.66666666666663,12.0,2,0,0,0,0,0,1
175.8625,4.0,1,1,0,0,0,1,1
1164.8,5.0,1,0,0,0,0,0,2
41.935483870967744,31.0,1,0,0,1,0,0,0
123.221,15.0,2,0,0,1,0,0,1
112.50000000000004,8.0,1,1,0,0,1,1,1
212.5,8.0,1,0,0,0,0,0,1
750.0000000000001,4.0,1,0,0,0,1,0,2
58.56228275862069,29.0,2,0,0,1,0,0,0
124.6039875,16.0,1,0,0,1,0,0,1
198.44338750000003,16.0,2,0,0,0,0,0,1
370.9333333333334,3.0,10,0,0,0,0,0,2
287.49999999999994,8.0,1,0,0,0,1,0,1
337.50000000000006,8.0,1,0,1,1,1,0,1
556.4000000000001,3.0,5,0,0,0,0,0,2
454.0,5.0,5,0,0,0,1,0,1
602.7666666666665,3.0,5,0,1,0,0,0,2
1499.9999999999998,4.0,1,1,1,0,0,1,2
127.9,5.0,3,0,0,0,0,0,1
134.99999999999994,15.0,3,0,0,1,0,0,1
472.93999999999994,5.0,30,0,0,0,0,0,2
280.0,4.0,1,0,0,0,0,0,1
327.0859444444444,9.0,3,0,1,0,0,0,1
60.233870967741936,31.0,1,1,1,1,0,1,0
263.7121428571428,7.0,3,0,0,0,0,0,1
115.01,10.0,1,1,1,0,1,1,1
333.3333333333333,6.0,1,0,0,1,0,0,1
200.0,14.0,1,1,0,0,0,1,1
460.03999999999985,5.0,3,0,0,0,1,0,1
22.0,9.0,6,1,1,0,0,1,1
106.66666666666664,6.0,30,1,1,1,0,0,2
442.8571428571428,7.0,1,1,1,0,1,0,1
262.5,8.0,10,0,0,0,0,0,1
76.61290322580643,31.0,10,0,0,1,0,0,0
233.6,5.0,2,0,1,0,1,0,1
90.45326500000002,4.0,1,1,1,0,0,1,1
129.1642857142857,7.0,1,1,0,1,0,0,1
178.84285714285716,14.0,5,1,0,1,0,1,1
417.3,4.0,1,0,0,0,1,0,1
104.32500000000002,4.0,1,0,0,0,1,0,1
139.1,5.0,1,0,0,0,0,0,1
433.93333333333334,3.0,8,0,0,1,0,0,2
424.5,4.0,3,0,0,1,0,0,1
669.7666666666665,3.0,5,1,0,1,0,1,2
416.25000000000006,8.0,1,0,1,0,0,0,1
416.6666666666667,6.0,1,1,1,0,0,0,1
326.15999999999997,10.0,1,0,1,0,0,0,1
170.83333333333334,12.0,5,1,0,1,0,0,1
450.0,6.0,10,0,0,1,1,0,2
166.8181818181818,11.0,5,0,0,1,0,0,1
254.93999999999997,5.0,4,1,1,1,0,1,1
455.24999999999994,7.0,1,0,1,0,1,0,1
371.42857142857144,7.0,1,0,1,0,0,0,1
178.84285714285716,7.0,5,0,0,1,0,0,1
472.93999999999994,5.0,5,0,0,0,0,0,1
331.25,16.0,3,1,1,0,0,0,1
351.7242857142857,7.0,1,1,1,0,0,0,1
193.8,3.0,1,0,0,0,0,0,1
1687.4999999999998,5.0,3,0,0,0,0,0,2
260.81250000000006,4.0,5,0,0,0,0,0,1
350.2125,8.0,4,0,0,0,0,0,1
459.875,4.0,3,0,0,0,0,0,1
930.0,5.0,10,0,0,0,0,0,2
599.9999999999999,5.0,3,0,1,0,0,0,1
212.25,8.0,3,0,0,0,0,0,1
116.66666666666669,8.0,2,0,0,1,0,0,1
300.0,6.0,1,1,0,0,0,1,1
445.7249999999999,4.0,4,0,0,0,0,0,1
163.74346153846156,26.0,1,1,0,0,0,0,0
177.7777777777778,12.0,1,0,0,0,0,0,1
271.42857142857144,7.0,1,0,0,0,0,0,1
62.56,5.0,5,0,0,1,0,0,1
317.09999999999997,5.0,1,1,0,0,1,0,1
190.26,5.0,1,1,1,0,1,0,1
424.9963636363637,11.0,2,0,0,0,1,0,1
230.748125,4.0,1,0,1,0,0,0,1
415.3466249999999,4.0,1,0,0,0,1,0,1
295.09714285714284,7.0,1,0,0,0,0,0,1
222.80000000000004,4.0,1,0,0,0,0,0,1
127.003768,5.0,3,0,0,1,0,0,1
267.0524966666666,3.0,2,0,0,1,1,0,1
331.42857142857144,7.0,1,0,1,0,1,0,1
305.0,6.0,1,0,1,0,0,0,1
41.30434782608696,35.0,2,0,0,1,0,0,0
350.0,7.0,1,1,1,0,0,0,1
262.5,8.0,1,1,1,0,1,1,1
486.6666666666667,3.0,3,0,0,0,0,0,1
272.0,3.0,1,0,1,0,0,0,1
249.28571428571428,7.0,2,1,1,0,1,0,1
289.2857142857143,7.0,1,1,1,0,1,1,1
304.1666666666667,6.0,1,1,1,0,1,1,1
313.5762,8.0,1,1,1,0,1,1,1
295.45454545454544,11.0,1,1,1,0,0,0,1
201.6375,4.0,1,0,0,0,0,0,1
448.3333333333333,6.0,1,1,1,0,0,1,1
295.0,8.0,1,1,1,0,1,0,1
113.8095238095238,21.0,1,1,1,0,1,1,0
309.2857142857143,7.0,1,1,1,0,1,1,1
189.52112666666665,3.0,1,0,0,0,0,0,1
186.444485,4.0,2,0,1,0,1,0,1
1666.6666666666667,3.0,1,0,0,0,0,0,2
190.13645499999996,4.0,1,0,0,0,1,0,1
208.596305,4.0,1,0,0,0,0,0,1
202.1353575,4.0,1,0,0,0,0,0,1
208.596305,4.0,1,0,0,0,0,0,1
353.3333333333333,15.0,2,0,1,1,1,0,1
164.33333333333334,6.0,10,0,0,1,0,0,1
1162.8,2.0,30,0,0,0,0,0,2
203.2,4.0,1,0,0,0,0,0,1
293.01333333333326,3.0,1,0,0,0,0,0,1
323.94666666666666,3.0,1,0,0,0,0,0,1
278.93333333333334,3.0,1,0,0,0,0,0,1
221.68,3.0,2,1,0,0,0,1,1
180.2,3.0,1,0,0,0,0,0,1
221.3333333333333,4.0,4,0,0,0,0,0,1
203.2,5.0,1,1,1,0,1,0,1
169.68,4.0,1,0,1,0,0,0,1
172.0,4.0,1,0,0,0,0,0,1
291.20000000000005,3.0,1,0,0,0,0,0,1
183.2,4.0,1,0,0,0,0,0,1
167.98463499999997,4.0,1,0,0,0,1,0,1
180.83,4.0,1,0,0,0,0,0,1
135.37223333333333,6.0,7,0,0,1,0,0,1
362.5,8.0,1,1,1,0,0,0,1
225.42375,4.0,1,0,1,0,0,0,1
488.3333333333333,6.0,5,0,0,1,0,0,1
253.3,4.0,1,0,0,0,0,0,1
208.596305,4.0,1,1,0,0,0,0,1
221.4475,4.0,1,0,0,0,1,0,1
282.29249999999996,4.0,1,0,0,0,0,0,1
220.410609,4.0,1,0,0,0,0,0,1
162.44668,3.0,2,0,0,1,0,0,1
196.782001,4.0,1,0,0,0,0,0,1
241.60000000000005,4.0,1,0,1,0,0,0,1
191.2625,4.0,5,0,0,0,0,0,1
407.904,5.0,1,0,0,0,1,0,1
425.96225,6.0,1,0,0,0,0,0,1
235.73333333333335,3.0,1,0,0,0,1,0,1
463.66666666666697,3.0,9,0,0,0,0,0,2
132.22222222222223,9.0,1,0,1,0,1,0,1
251.25,8.0,1,1,1,0,1,1,1
392.7525,4.0,1,0,0,0,0,0,1
320.0,6.0,1,1,1,0,1,0,1
311.6666666666667,6.0,1,1,1,0,1,0,1
49.873333333333335,15.0,1,1,0,0,0,1,1
243.1325,4.0,2,0,1,0,0,0,1
742.8571428571429,7.0,4,0,0,0,0,0,2
251.875,8.0,1,1,1,0,1,1,1
825.0,4.0,2,0,0,0,0,0,2
92.25,8.0,5,0,0,1,0,0,1
327.29374999999993,4.0,3,0,0,0,0,0,1
812.5,4.0,1,0,1,0,0,0,2
675.0,4.0,2,0,1,0,1,0,2
555.5555555555555,3.0,1,1,1,0,1,1,1
282.85714285714283,7.0,1,1,1,0,1,1,1
316.6666666666667,6.0,1,1,1,0,1,1,1
500.0,3.0,2,0,0,0,0,0,1
166.66666666666666,15.0,1,1,1,1,1,0,1
707.5,4.0,1,1,1,0,0,1,2
199.99999999999997,5.0,1,1,1,0,1,0,1
322.85714285714283,7.0,1,1,1,0,0,0,1
369.2307692307693,13.0,1,1,0,1,0,0,1
278.3333333333333,6.0,1,1,1,0,1,0,1
180.0,8.0,1,0,1,0,1,0,1
288.0,10.0,1,0,1,0,1,0,1
177.27272727272728,11.0,1,1,1,1,1,1,1
246.65850000000003,8.0,1,1,1,0,1,1,1
397.1428571428572,7.0,1,1,1,0,0,0,1
140.17671696,5.0,2,1,0,0,0,0,1
391.42857142857144,7.0,1,1,1,0,1,0,1
680.0,3.0,1,1,1,0,1,1,1
419.0,5.0,1,1,1,0,0,0,1
311.25,8.0,1,1,1,0,1,0,1
334.2857142857143,7.0,1,1,1,0,1,1,1
900.0,4.0,3,0,0,0,0,0,2
343.574,5.0,1,1,0,0,1,1,1
266.75,7.0,1,0,1,0,1,0,1
105.7,8.0,1,0,0,0,0,0,1
160.04999999999998,7.0,1,0,1,1,1,0,1
59.33333333333333,15.0,1,0,0,1,0,0,1
236.592,5.0,1,0,0,0,1,0,1
234.1275,8.0,1,0,0,1,0,0,1
80.32444444444444,15.0,3,0,0,1,0,0,1
581.25,8.0,3,0,0,0,1,0,1
200.00000000000009,9.0,1,0,1,1,0,0,1
87.2,30.0,3,0,0,1,0,0,0
750.0,8.0,7,0,0,0,0,0,2
112.875435,21.0,1,0,0,1,0,0,0
124.8785,20.0,4,0,0,0,0,0,0
159.26533333333336,15.0,1,0,1,0,0,0,1
198.61333333333337,5.0,2,1,1,0,1,0,1
249.93928571428572,7.0,2,1,1,0,0,1,1
489.2428571428573,7.0,3,1,0,0,1,0,1
411.11111111111114,9.0,2,0,0,0,0,0,1
1075.0,4.0,10,0,0,0,0,0,2
78.59666666666664,30.0,10,0,0,1,0,0,0
217.95714285714283,7.0,2,0,0,0,1,0,1
161.81666666666663,6.0,2,0,0,0,0,0,1
396.25,4.0,1,1,0,0,0,1,1
833.3333333333334,12.0,1,0,1,0,1,0,2
250.59230769230768,13.0,1,1,1,0,1,1,1
921.6112500000002,8.0,1,0,0,1,0,0,2
125.71428571428572,7.0,1,0,1,0,1,0,1
851.0320000000002,19.0,5,0,0,0,1,0,2
331.80277777777775,9.0,2,1,1,0,0,0,1
140.58,3.0,2,1,0,0,0,1,1
421.5557142857143,7.0,2,0,0,0,1,0,1
71.12645000000002,10.0,2,1,1,0,0,1,1
527.437142857143,7.0,3,0,1,0,0,0,1
579.1466666666669,6.0,2,0,1,0,0,0,1
290.745,4.0,1,0,1,0,0,0,1
170.91374999999996,8.0,2,0,1,1,0,0,1
233.75,4.0,1,0,0,0,0,0,1
511.0,5.0,1,1,0,1,1,1,1
179.025,4.0,20,0,0,0,0,0,2
157.14285714285714,14.0,4,0,1,1,0,0,1
504.0,4.0,1,0,0,0,1,0,1
362.1000000000001,6.0,2,0,0,0,0,0,1
145.0,20.0,1,0,0,0,0,0,0
280.0,10.0,1,0,0,0,0,0,1
294.91707457800004,5.0,1,0,0,0,1,0,1
102.29884875,8.0,1,0,0,0,0,0,1
342.85714285714283,21.0,3,1,1,0,0,1,0
206.80555555555551,9.0,2,0,1,0,0,0,1
289.2914285714286,7.0,4,1,1,0,1,0,1
522.2222222222223,9.0,3,0,0,1,0,0,1
131.634,5.0,5,0,1,0,0,0,1
500.0,6.0,1,1,1,0,1,1,1
297.13499999999993,4.0,7,0,0,0,0,0,1
414.2812499999999,4.0,1,0,1,0,1,0,1
392.0,4.0,5,0,0,0,0,0,1
408.3333333333333,6.0,1,1,1,0,1,0,1
170.0,5.0,1,0,1,0,0,0,1
280.0,4.0,3,0,0,0,1,0,1
115.85970000000002,28.0,6,0,0,0,0,0,0
488.655,6.0,2,0,0,0,0,0,1
66.63477272727273,35.0,4,1,1,1,1,0,0
224.0,5.0,1,0,1,0,0,0,1
429.3333333333333,3.0,8,0,0,0,1,0,2
35.56585365853659,35.0,10,0,0,1,0,0,0
271.97142857142865,14.0,1,1,1,0,0,0,1
687.4999999999999,4.0,2,0,0,0,0,0,2
644.0,5.0,2,0,0,0,1,0,1
280.0,5.0,4,0,0,1,0,0,1
714.2857142857143,7.0,1,1,0,0,0,1,2
332.88,5.0,5,0,0,0,0,0,1
405.0,2.0,1,1,1,0,0,1,1
1657.125,4.0,3,0,0,0,0,0,2
183.7125,8.0,3,0,0,0,0,0,1
418.5642857142858,7.0,1,1,0,0,0,1,1
360.0,10.0,5,0,0,0,1,0,1
1687.4999999999998,2.0,1,0,1,0,0,0,2
223.5294117647059,17.0,3,0,0,1,0,0,0
278.8178571428572,7.0,1,0,0,0,0,0,1
123.2,10.0,3,0,0,0,0,0,1
1687.4999999999998,3.0,1,0,0,0,0,0,2
354.52380952380963,7.0,1,0,1,0,0,0,1
616.6666666666666,6.0,1,1,1,0,0,1,1
465.31250000000006,8.0,2,0,0,0,0,0,1
1499.9999999999998,2.0,1,1,1,0,0,0,2
212.33333333333337,6.0,2,0,0,0,0,0,1
234.37500000000003,16.0,3,0,0,0,0,0,1
205.33333333333337,6.0,3,0,0,0,0,0,1
162.49999999999997,8.0,1,0,0,1,0,0,1
333.33333333333337,6.0,1,1,1,0,0,1,1
257.1428571428571,14.0,3,1,1,0,0,0,1
126.29444444444448,6.0,1,1,0,0,0,1,1
116.35,6.0,3,0,0,0,1,0,1
245.50000000000009,6.0,1,0,1,0,1,0,1
223.92857142857144,14.0,1,1,1,0,1,0,1
730.0000000000001,5.0,5,0,0,0,0,0,2
277.5,8.0,1,0,0,1,0,0,1
206.40749999999997,8.0,1,0,0,0,1,0,1
320.0,8.0,1,0,1,0,0,0,1
164.24999999999994,8.0,10,0,0,1,1,0,1
114.0195,10.0,1,1,0,0,1,1,1
280.97662499999996,24.0,15,0,1,0,1,0,0
398.0,5.0,2,0,0,0,1,0,1
153.13974358974357,13.0,1,1,0,0,1,0,1
65.15400000000001,15.0,1,1,1,0,1,0,1
156.75,4.0,10,0,0,1,0,0,1
600.0,7.0,1,0,0,0,0,0,1
309.66138,5.0,1,0,0,0,0,0,1
372.330945,5.0,1,0,0,0,0,0,1
589.8312,5.0,1,0,0,0,0,0,1
368.6445000000001,5.0,1,0,0,0,0,0,1
339.15294,5.0,1,0,0,0,0,0,1
297.80000000000007,4.0,1,0,1,0,0,0,1
163.84199999999998,9.0,1,0,0,0,0,0,1
383.39028,5.0,1,0,0,0,0,0,1
412.88184,5.0,1,0,0,0,0,0,1
84.26160000000002,21.0,1,0,0,1,0,0,0
78.33695625,16.0,2,0,0,1,0,0,1
162.775,14.0,1,0,1,0,0,0,1
113.14285714285714,7.0,1,0,0,1,0,0,1
638.1428571428572,7.0,3,1,0,0,0,1,2
42.810329032258075,31.0,2,0,0,1,0,0,0
278.85714285714283,7.0,2,0,1,0,1,0,1
558.375,8.0,1,1,0,0,0,0,1
73.7289,21.0,1,0,0,1,0,0,0
66.70710000000001,21.0,1,0,0,1,0,0,0
400.0,7.0,1,0,0,1,0,0,1
85.24904062500002,16.0,2,0,0,1,0,0,1
363.5641666666667,4.0,3,1,0,0,0,1,1
1269.2,4.0,1,1,1,0,1,1,2
207.36253125000005,16.0,1,0,0,0,0,0,1
103.484375,16.0,1,0,0,1,0,0,1
148.07727272727274,11.0,1,0,1,1,1,0,1
400.1687500000001,4.0,2,0,0,0,0,0,1
412.64199999999994,10.0,1,1,1,0,1,0,1
693.5,6.0,10,0,0,0,0,0,2
171.6,8.0,5,0,0,0,0,0,1
118.2,11.0,2,0,0,1,0,0,1
175.73289999999997,3.0,1,1,0,0,0,0,1
448.0,3.0,4,0,0,0,1,0,1
200.0,7.0,1,0,0,1,0,0,1
513.3333333333334,3.0,5,0,0,0,0,0,1
327.17272727272734,11.0,1,0,0,1,0,0,1
315.774375,12.0,1,1,1,0,0,0,1
380.76000000000016,11.0,1,1,1,0,0,0,1
235.88571428571427,14.0,1,0,0,0,0,0,1
203.60625,8.0,1,1,0,0,1,1,1
44.1301111111111,35.0,2,1,1,0,1,1,0
387.82142857142856,7.0,1,0,1,0,0,0,1
169.06666666666666,15.0,1,0,1,0,0,0,1
143.33333333333334,15.0,1,0,0,0,1,0,1
139.48,5.0,3,0,0,0,0,0,1
305.2,5.0,2,0,0,0,0,0,1
408.8,5.0,4,0,0,1,0,0,1
184.8,3.0,2,0,0,0,0,0,1
364.0,4.0,2,0,0,0,0,0,1
439.21666666666664,3.0,10,0,0,0,0,0,2
600.0,5.0,8,0,0,0,0,0,2
234.5,8.0,2,0,0,1,0,0,1
77.875,16.0,3,0,0,1,0,0,0
450.0,4.0,1,0,0,1,0,0,1
273.28026315789475,35.0,2,0,0,0,0,0,0
309.96,5.0,2,0,0,0,0,0,1
385.4,5.0,2,0,0,0,0,0,1
802.5,4.0,1,0,0,0,1,0,2
282.26666666666665,6.0,4,0,0,0,0,0,1
151.21428571428572,21.0,1,0,0,1,0,0,0
401.6571428571428,7.0,10,0,0,0,0,0,2
206.84250000000003,4.0,1,0,0,0,0,0,1
416.2616666666668,6.0,1,1,1,0,1,0,1
191.4,4.0,1,0,0,0,1,0,1
742.6387500000001,8.0,1,0,0,0,0,0,2
190.9925,4.0,1,0,0,0,0,0,1
167.7332475,4.0,1,0,0,0,0,0,1
259.05,4.0,2,0,0,0,1,0,1
218.37777777777785,9.0,2,0,0,0,0,0,1
397.0666666666666,15.0,2,1,0,0,1,0,1
252.33716025000004,4.0,1,0,0,0,0,0,1
190.77352875,4.0,1,0,0,0,0,0,1
199.9807142857143,14.0,1,1,1,0,1,1,1
176.01666666666665,6.0,2,0,0,0,0,0,1
38.357142857142854,7.0,1,0,1,0,0,0,1
273.77777777777777,18.0,2,1,0,1,1,0,0
208.2841425,4.0,1,0,0,0,0,0,1
193.169718,4.0,1,0,0,0,1,0,1
157.94909090909093,11.0,1,1,1,0,1,0,1
482.62222222222226,9.0,5,0,0,0,0,0,1
197.3325,4.0,1,0,0,0,1,0,1
206.05,4.0,1,0,0,0,0,0,1
272.19874999999996,4.0,1,0,0,0,1,0,1
90.0,20.0,1,1,0,0,0,1,0
157.245,4.0,1,0,0,0,0,0,1
202.017186,5.0,6,0,0,1,0,0,1
246.25,8.0,1,0,1,0,1,0,1
202.88000000000005,4.0,1,0,0,0,0,0,1
285.0,6.0,1,0,0,0,0,0,1
258.97276125,4.0,1,0,0,0,0,0,1
304.2857142857143,7.0,1,1,1,0,0,0,1
178.035,4.0,1,0,0,0,0,0,1
180.6451612903226,31.0,1,0,1,0,1,0,0
309.09090909090907,11.0,10,0,0,0,0,0,1
300.81391199999996,3.0,1,0,0,0,0,0,1
324.2857142857143,7.0,1,1,1,0,0,1,1
220.44,5.0,2,0,0,0,0,0,1
356.6666666666667,6.0,1,1,1,0,1,0,1
283.3333333333333,6.0,1,0,1,0,1,0,1
310.2,3.0,1,0,0,0,1,0,1
294.2857142857143,7.0,1,1,1,0,1,0,1
167.145,4.0,1,0,0,0,1,0,1
281.6666666666667,6.0,1,1,1,0,1,1,1
278.57142857142856,7.0,1,1,1,0,1,1,1
319.1666666666667,6.0,1,1,1,0,1,0,1
396.66666666666674,6.0,1,1,1,0,0,0,1
325.0,8.0,1,1,1,0,1,0,1
370.0,6.0,1,1,1,0,0,0,1
384.2857142857143,7.0,1,1,0,0,1,1,1
401.6666666666667,6.0,1,1,1,0,1,0,1
379.1666666666667,6.0,1,1,1,0,1,1,1
414.79285714285714,7.0,3,0,0,0,1,0,1
338.3333333333333,6.0,1,1,0,0,1,0,1
208.28414250000003,4.0,2,0,0,0,0,0,1
262.22,4.0,1,0,0,0,0,0,1
203.7,4.0,1,0,0,0,1,0,1
115.58333333333336,6.0,10,0,0,0,0,0,1
176.4705882352941,17.0,1,1,1,0,0,0,1
202.8,5.0,4,0,0,0,1,0,1
338.2,5.0,1,0,1,0,1,0,1
383.6428571428572,14.0,1,1,0,0,1,0,1
216.38571428571427,7.0,1,0,0,0,1,0,1
259.875,4.0,1,0,0,0,0,0,1
253.125,8.0,2,0,0,1,0,0,1
208.88888888888897,15.0,1,1,0,0,1,1,1
990.93,5.0,3,0,1,0,0,0,2
294.321,5.0,1,0,0,0,0,0,1
192.44444444444443,15.0,1,1,1,0,0,0,1
393.12,5.0,4,0,0,0,0,0,1
500.0,7.0,1,0,0,0,0,0,1
88.74000000000001,6.0,2,1,1,0,0,0,1
644.7,8.0,15,0,0,0,0,0,2
334.63,6.0,5,1,0,0,1,0,1
720.0,5.0,2,1,1,0,1,1,2
325.0,8.0,1,1,1,1,1,0,1
556.1142857142858,7.0,4,0,0,0,0,0,1
655.0,6.0,2,1,0,0,1,0,1
156.2015625,8.0,3,0,0,0,1,0,1
327.6,4.0,1,0,0,0,0,0,1
401.85,7.0,2,0,0,0,0,0,1
204.45,10.0,5,0,0,0,0,0,1
138.775,6.0,4,0,0,1,0,0,1
155.45454545454547,11.0,1,0,1,0,1,0,1
148.9090909090909,11.0,2,0,1,0,1,0,1
162.10416666666663,24.0,1,0,1,0,1,0,0
794.9079999999999,5.0,3,0,0,0,0,0,2
218.4,5.0,2,0,0,1,1,0,1
345.125,12.0,1,0,0,0,0,0,1
563.9549999999999,8.0,8,0,0,1,0,0,2
166.07500000000002,6.0,3,0,0,1,0,0,1
850.0,3.0,1,1,1,0,0,0,2
883.3333333333334,12.0,1,0,0,0,1,0,2
500.5,3.0,3,0,0,0,0,0,1
409.5,3.0,2,0,0,0,1,0,1
176.73020625,8.0,1,1,0,0,0,0,1
312.5,4.0,1,0,0,0,1,0,1
327.6,5.0,2,0,0,1,1,0,1
251.74,12.0,1,0,1,0,1,0,1
49.116087096774194,31.0,1,0,0,1,0,0,0
423.0,5.0,2,0,0,0,1,0,1
247.6190476190476,21.0,4,0,0,1,1,0,0
235.67142857142855,7.0,1,1,0,0,1,1,1
870.0563999999998,5.0,4,0,0,0,1,0,2
390.87857142857143,7.0,1,0,0,0,0,0,1
203.84615384615387,13.0,1,0,1,0,0,0,1
514.2857142857141,7.0,1,1,1,0,0,0,1
370.7428571428572,7.0,2,1,0,0,0,0,1
246.51598000000004,5.0,1,0,0,0,0,0,1
122.32285714285716,7.0,4,0,0,0,0,0,1
221.42857142857144,7.0,1,1,0,0,1,1,1
1687.4999999999998,9.0,2,1,0,0,0,1,2
176.99676764705885,17.0,5,0,1,0,0,0,0
456.25,8.0,3,0,0,1,1,0,1
187.5,4.0,1,1,0,0,1,1,1
151.25,4.0,1,0,0,0,0,0,1
297.14285714285717,7.0,1,1,0,0,1,1,1
328.3333333333333,6.0,1,1,1,0,0,1,1
268.57142857142856,7.0,1,1,1,0,1,1,1
361.6666666666667,6.0,1,1,0,0,1,0,1
222.0,5.0,1,0,0,0,0,0,1
324.0,5.0,1,1,1,0,1,0,1
291.6666666666667,6.0,1,1,1,0,1,0,1
300.0,6.0,1,0,1,0,1,0,1
292.14285714285717,7.0,1,1,1,0,1,1,1
1000.0,3.0,4,0,0,0,0,0,2
315.0,6.0,1,1,1,0,1,0,1
326.6666666666667,6.0,1,1,0,0,1,1,1
338.57142857142856,7.0,1,1,1,0,0,1,1
313.3333333333333,6.0,1,1,1,0,0,0,1
473.2000000000001,3.0,2,0,0,0,0,0,1
185.2380952380952,7.0,1,0,1,0,1,0,1
219.95523809523812,21.0,2,1,1,0,1,1,0
152.39285714285717,14.0,15,0,1,1,0,0,0
206.7,7.0,1,0,0,1,0,0,1
49.63636363636363,22.0,1,0,0,1,0,0,0
273.0,4.0,3,0,0,1,0,0,1
313.248,5.0,2,1,0,0,1,0,1
286.00575,8.0,4,0,0,1,0,0,1
461.75999999999993,5.0,2,1,1,0,1,0,1
360.0,7.0,1,1,1,0,0,0,1
600.3571428571429,7.0,1,1,1,0,0,0,1
149.10000000000002,9.0,3,0,0,0,0,0,1
236.47058823529412,17.0,1,0,1,1,0,0,1
41.81818181818182,11.0,1,1,0,0,0,0,1
90.0,10.0,1,0,0,0,1,0,1
383.4,5.0,4,0,0,0,0,0,1
553.8,6.0,1,0,0,0,0,0,1
258.156,5.0,3,0,0,0,0,0,1
180.96000000000004,5.0,1,1,0,0,1,0,1
306.9142857142857,7.0,1,1,1,0,1,1,1
240.0,5.0,1,0,0,0,0,0,1
286.3636363636364,11.0,2,1,1,1,0,0,1
370.0,5.0,1,1,0,0,0,0,1
178.57142857142858,14.0,1,1,1,1,0,1,1
97.49999999999996,21.0,5,0,0,1,0,0,0
218.05875,8.0,2,0,0,0,0,0,1
163.68749999999997,8.0,1,0,0,1,0,0,1
191.25,8.0,3,0,0,1,1,0,1
304.99999999999994,6.0,1,1,1,0,1,0,1
401.89090909090913,11.0,1,1,1,0,0,0,1
192.27000000000004,5.0,5,0,1,0,0,0,1
184.87500000000009,4.0,2,0,1,0,0,0,1
384.00000000000006,5.0,1,0,0,0,0,0,1
487.72,5.0,1,0,0,0,0,0,1
601.64,5.0,1,0,1,0,0,0,1
185.3714285714286,7.0,1,1,1,1,1,1,1
182.475,8.0,1,0,1,0,1,0,1
223.575,4.0,30,0,0,0,1,0,2
181.8181818181818,11.0,1,0,1,0,1,0,1
185.79329375,8.0,10,0,1,0,0,0,1
422.9999999999999,5.0,1,1,1,0,1,1,1
108.75705,15.0,1,0,0,0,1,0,1
310.86390125,4.0,4,0,0,0,0,0,1
110.0,10.0,1,1,0,1,1,1,1
168.75000000000003,16.0,1,0,0,0,1,0,1
144.44444444444446,9.0,1,1,1,0,1,1,1
115.68307692307692,26.0,1,1,1,0,1,1,0
490.6151366666668,3.0,4,0,0,0,1,0,1
219.689241,5.0,2,0,0,0,1,0,1
120.00000000000004,5.0,1,1,1,0,1,0,1
324.1666666666667,6.0,1,1,1,0,1,0,1
414.0,5.0,1,1,0,0,1,0,1
113.33333333333331,15.0,3,0,1,1,0,0,1
303.57142857142856,7.0,1,1,0,0,1,1,1
123.93,10.0,5,0,0,1,0,0,1
800.0,5.0,3,0,1,0,0,0,2
393.42857142857144,7.0,10,0,0,1,0,0,2
688.5,4.0,10,0,0,0,0,0,2
368.3333333333333,6.0,1,1,1,0,1,0,1
1687.4999999999998,8.0,10,1,1,0,0,1,2
302.14285714285717,7.0,1,1,0,0,1,0,1
51.90399999999999,25.0,7,0,0,1,0,0,0
243.49495083333332,6.0,2,0,1,0,0,0,1
422.9440833333335,6.0,3,0,1,0,0,0,1
171.04285714285714,14.0,2,0,1,1,0,0,1
1432.0799999999997,5.0,1,0,0,0,0,0,2
226.7076923076922,13.0,1,1,1,0,0,1,1
221.55375000000004,8.0,1,0,1,0,0,0,1
259.52000000000004,7.0,1,0,1,0,0,0,1
363.55928142857147,7.0,1,0,0,0,0,0,1
122.375,8.0,8,0,1,0,0,0,1
600.5999999999999,4.0,15,0,0,0,0,0,2
450.0,6.0,8,0,0,0,0,0,2
336.9599999999999,5.0,3,0,0,0,0,0,1
1625.0,8.0,1,1,1,0,0,0,2
236.43000000000004,4.0,2,0,1,0,0,0,1
107.42,10.0,1,0,0,0,0,0,1
303.1499999999999,6.0,1,1,1,0,1,0,1
66.46264166666667,10.0,1,1,1,0,1,0,1
420.0,6.0,1,1,1,0,1,1,1
418.0,5.0,1,1,1,0,1,0,1
413.57142857142856,7.0,1,1,1,0,1,1,1
256.82142857142856,7.0,1,0,0,0,1,0,1
206.33,9.0,1,1,1,0,1,0,1
355.0,6.0,1,1,1,0,1,0,1
226.6071428571429,7.0,1,1,1,0,0,1,1
72.04761904761905,21.0,1,0,0,1,0,0,0
1400.0,4.0,1,0,0,0,0,0,2
355.0,6.0,1,1,1,0,0,0,1
459.1666666666667,6.0,1,1,0,0,1,0,1
541.6666666666666,12.0,5,0,1,0,1,0,1
206.25,4.0,3,0,0,0,1,0,1
193.87500000000003,12.0,7,0,0,0,0,0,1
271.88571428571424,7.0,20,0,0,1,0,0,2
112.914,5.0,1,0,0,0,1,0,1
165.23999999999998,5.0,2,0,0,0,0,0,1
250.141215,6.0,1,1,1,0,1,0,1
300.89450500000004,6.0,1,1,1,0,1,0,1
272.34577937499995,8.0,1,1,1,0,1,0,1
217.5141,6.0,1,0,1,0,1,0,1
243.49495083333332,6.0,1,1,1,0,1,1,1
341.497137,5.0,1,1,1,0,1,0,1
252.316356,5.0,1,0,1,0,1,0,1
338.3552666666667,6.0,1,1,1,0,1,0,1
333.3333333333333,3.0,1,1,1,1,0,0,1
171.37474545454546,11.0,3,0,0,1,0,0,1
282.76833,8.0,1,1,1,0,1,0,1
205.425,4.0,4,0,0,0,0,0,1
111.375,4.0,5,0,0,0,0,0,1
138.6,3.0,5,0,0,1,1,0,1
144.1,6.0,2,0,0,0,0,0,1
268.32,5.0,2,0,0,0,0,0,1
188.76,6.0,1,0,0,0,0,0,1
185.0666666666667,3.0,1,0,0,0,0,0,1
426.2580000000001,5.0,1,0,1,0,0,0,1
235.0687500000001,12.0,1,0,1,0,1,0,1
241.02,5.0,1,1,0,0,0,1,1
119.368,5.0,1,0,0,0,1,0,1
333.12,5.0,1,0,0,0,1,0,1
277.6,5.0,1,0,0,0,1,0,1
500.0,4.0,8,0,0,0,0,0,2
150.0,10.0,3,0,0,0,1,0,1
440.0,5.0,1,0,0,0,0,0,1
280.47799999999995,10.0,1,0,0,0,0,0,1
241.84500000000008,4.0,1,0,0,0,0,0,1
416.6666666666667,6.0,1,1,1,0,0,0,1
383.3333333333333,6.0,2,1,1,0,0,1,1
546.101818181818,11.0,2,0,1,0,1,0,1
320.0,10.0,2,0,0,0,1,0,1
462.5,4.0,1,0,0,0,0,0,1
93.2258064516129,31.0,2,0,0,0,1,0,0
62.83740666666666,15.0,10,0,0,1,0,0,0
278.4,5.0,1,0,1,0,1,0,1
209.66409090909085,22.0,1,1,1,0,1,0,0
413.72100000000006,7.0,1,1,1,0,0,1,1
93.26530555555556,18.0,1,0,0,0,1,0,0
416.00045454545455,11.0,1,0,0,0,0,0,1
130.25642857142856,14.0,5,0,0,1,1,0,1
500.0,6.0,3,0,0,0,0,0,1
258.4231818181818,11.0,2,1,0,0,1,1,1
780.0,5.0,1,0,0,0,0,0,2
383.1071428571428,7.0,1,1,0,0,0,1,1
290.52291666666673,12.0,1,0,1,0,0,0,1
169.84416666666667,12.0,1,0,1,0,1,0,1
196.15085714285712,14.0,2,1,0,0,1,0,1
327.54,5.0,1,1,0,0,0,0,1
200.76923076923077,35.0,2,0,1,0,0,0,0
177.16000000000005,5.0,5,0,0,0,0,0,1
231.75000000000003,4.0,3,0,0,0,0,0,1
271.6666666666667,30.0,6,0,1,0,1,0,0
153.33333333333334,15.0,1,0,0,1,0,0,1
63.1578947368421,19.0,1,1,0,1,0,1,0
84.93407714285715,21.0,3,0,0,1,0,0,0
545.4545454545455,11.0,1,0,1,0,0,0,1
391.0,5.0,2,0,1,0,0,0,1
104.475,6.0,1,0,1,0,1,0,1
120.29564285714284,7.0,1,0,0,0,1,0,1
193.33333333333337,6.0,1,0,1,0,0,0,1
814.9333333333334,6.0,10,0,0,0,0,0,2
242.66666666666663,3.0,3,0,0,0,0,0,1
256.75,2.0,8,0,0,0,0,0,1
490.0,5.0,1,1,0,0,0,0,1
445.45454545454544,22.0,15,1,0,0,0,1,0
460.0,5.0,1,1,1,0,1,0,1
273.75000000000006,4.0,1,1,1,0,0,0,1
367.5,4.0,5,0,0,1,0,0,1
388.64,5.0,1,0,0,0,0,0,1
583.5825,4.0,2,0,0,0,0,0,1
180.0,10.0,3,0,0,1,0,0,1
243.80571428571423,7.0,1,0,1,0,1,0,1
198.44949999999997,18.0,1,0,0,0,1,0,0
290.969875,8.0,5,0,1,0,0,0,1
1687.4999999999998,5.0,1,1,0,0,1,0,2
1687.4999999999998,15.0,1,0,0,0,0,0,2
108.75705000000002,4.0,3,1,0,0,0,1,1
244.33722222222215,18.0,1,1,1,0,0,0,0
187.7225,4.0,1,1,0,0,0,1,1
220.81500000000003,4.0,5,0,0,0,0,0,1
150.42857142857142,7.0,1,0,0,0,0,0,1
275.4727272727273,11.0,1,0,0,1,0,0,1
185.40000000000003,5.0,2,0,0,0,0,0,1
185.40000000000003,5.0,3,0,0,0,0,0,1
182.30999999999997,5.0,5,0,0,0,0,0,1
149.35000000000002,6.0,3,0,0,0,0,0,1
303.9316666666666,30.0,1,1,0,0,1,0,0
354.13333333333344,3.0,2,0,1,0,0,0,1
243.19999999999996,5.0,10,0,0,0,0,0,1
161.9333333333333,6.0,2,0,0,0,0,0,1
170.66666666666666,6.0,1,0,0,0,0,0,1
47.419354838709666,31.0,10,0,0,0,0,0,0
205.8666666666667,6.0,3,0,0,0,0,0,1
298.6666666666667,6.0,1,0,0,0,0,0,1
201.1428571428571,7.0,1,0,0,0,0,0,1
359.97538461538454,13.0,1,0,0,0,0,0,1
1687.4999999999998,2.0,1,0,0,0,1,0,2
360.0,15.0,1,1,0,0,0,0,1
141.30434782608697,23.0,2,0,0,0,0,0,0
177.17538461538467,13.0,2,1,1,0,0,0,1
81.13621190476192,21.0,2,0,0,1,0,0,0
377.0244399999999,5.0,3,0,0,0,0,0,1
70.41185185185184,27.0,3,0,1,1,1,0,0
304.51974,5.0,1,0,0,0,0,0,1
69.05209523809523,21.0,2,0,0,1,0,0,0
217.5141,5.0,2,0,0,0,0,0,1
304.51974,5.0,1,0,0,0,0,0,1
246.51598000000004,5.0,1,0,0,0,0,0,1
210.26363,5.0,1,0,0,0,0,0,1
261.01692,5.0,1,0,0,0,0,0,1
232.01504,5.0,1,0,0,0,0,0,1
217.5141,7.0,1,0,0,0,0,0,1
239.26551,5.0,1,0,0,0,0,0,1
205.42998333333333,9.0,1,0,0,0,0,0,1
122.144,5.0,1,1,0,0,0,1,1
67.18602564102562,13.0,2,0,0,0,0,0,1
169.76299999999998,5.0,3,0,1,0,0,0,1
127.49,11.0,2,0,1,0,1,0,1
305.36,5.0,1,0,0,0,0,0,1
164.24666666666667,6.0,1,1,1,0,1,1,1
555.2,5.0,1,1,0,0,0,0,1
866.1120000000001,5.0,2,0,1,0,1,0,2
850.844,5.0,1,0,1,0,1,0,2
173.33333333333334,3.0,1,0,0,0,0,0,1
258.324,5.0,2,0,0,0,0,0,1
353.59999999999997,4.0,2,0,0,0,0,0,1
192.1,8.0,2,0,0,0,0,0,1
189.27,5.0,1,0,0,0,0,0,1
400.0,8.0,1,0,0,0,0,0,1
509.5325,12.0,7,1,1,1,1,0,2
274.0571428571428,7.0,1,0,0,0,1,0,1
1100.0,7.0,1,1,0,0,0,1,2
201.1312499999999,8.0,1,1,1,0,1,1,1
168.0563333333333,15.0,1,1,1,0,0,1,1
214.54,6.0,5,0,0,0,0,0,1
108.79999999999998,7.0,5,0,0,0,0,0,1
141.93548387096774,31.0,4,1,1,0,0,0,0
178.78333333333336,20.0,5,1,0,1,1,0,0
305.2631578947368,19.0,3,0,0,1,1,0,0
201.07999999999996,12.0,1,1,0,0,0,0,1
140.53333333333333,6.0,5,0,0,1,0,0,1
188.6967741935484,31.0,10,0,0,1,0,0,0
335.6521739130435,23.0,1,0,1,0,1,0,0
193.41419354838703,31.0,2,0,0,1,0,0,0
245.45454545454547,11.0,1,1,1,0,0,0,1
250.0,4.0,1,1,0,0,0,1,1
138.1155555555556,18.0,15,1,1,1,0,0,0
250.0,11.0,2,0,0,0,0,0,1
49.06999999999999,6.0,1,1,0,0,0,0,1
76.92307692307692,26.0,1,0,1,0,1,0,0
740.2666666666665,3.0,1,0,0,0,0,0,2
378.54,5.0,1,1,1,0,0,0,1
79.3875,6.0,1,0,0,0,0,0,1
330.0,7.0,2,1,1,0,0,1,1
333.3333333333333,6.0,1,1,1,0,0,0,1
189.27,8.0,2,1,0,0,1,1,1
282.88,5.0,4,0,0,0,0,0,1
295.24,8.0,1,0,0,0,1,0,1
294.66666666666663,6.0,3,0,0,0,0,0,1
196.37142857142857,7.0,3,0,0,0,1,0,1
230.75,4.0,3,0,0,0,0,0,1
202.88727272727263,11.0,1,0,0,0,0,0,1
131.28000000000006,15.0,1,1,0,0,1,0,1
233.38666666666663,9.0,2,1,0,0,1,0,1
170.66666666666666,3.0,5,0,0,1,0,0,1
745.0,5.0,2,0,0,0,0,0,2
147.33333333333334,6.0,2,0,0,1,0,0,1
319.59999999999997,6.0,3,0,0,1,0,0,1
123.55125,4.0,1,0,0,0,0,0,1
288.30000000000007,6.0,8,1,0,0,0,0,1
560.0,4.0,20,0,0,0,0,0,2
408.0,4.0,3,1,0,0,0,1,1
510.0000000000001,4.0,2,0,0,0,0,0,1
361.6666666666667,6.0,1,1,0,0,0,0,1
258.3685714285715,7.0,10,1,1,0,0,1,1
272.33849999999995,6.0,1,1,1,0,1,1,1
396.8,5.0,1,1,1,0,1,0,1
245.04136363636363,11.0,1,1,1,0,0,0,1
151.8181818181818,11.0,10,0,0,1,0,0,1
370.6666666666667,15.0,1,1,1,0,1,1,1
346.99999999999994,2.0,2,0,0,0,0,0,1
313.37142857142857,7.0,2,1,0,0,1,1,1
275.0,16.0,1,1,0,0,1,0,1
510.0,4.0,4,0,0,0,0,0,1
694.0,3.0,2,0,0,0,0,0,2
114.24,15.0,4,0,0,0,0,0,1
210.2857142857143,7.0,2,1,0,0,1,1,1
173.5,4.0,1,0,0,1,0,0,1
414.44444444444446,9.0,3,0,0,0,1,0,1
176.00846153846155,13.0,1,1,0,0,1,0,1
334.95,12.0,4,0,0,0,0,0,1
124.12,15.0,3,0,0,1,0,0,1
347.99999999999994,5.0,1,1,1,0,0,1,1
237.945,8.0,2,0,0,1,0,0,1
48.33646666666668,21.0,2,0,0,1,1,0,0
82.5,16.0,2,0,0,0,0,0,1
68.75,16.0,4,0,0,1,1,0,0
134.0909090909091,11.0,2,0,0,1,1,0,1
231.8223888888889,9.0,1,0,0,0,1,0,1
320.66666666666663,3.0,2,0,0,0,0,0,1
252.0845,6.0,1,0,0,0,1,0,1
132.81047619047615,21.0,1,1,1,0,1,0,0
78.40625,8.0,3,0,0,1,0,0,1
131.0686363636364,11.0,2,0,0,1,1,0,1
584.96,5.0,1,0,0,0,0,0,1
299.8531249999999,8.0,7,0,0,0,1,0,1
641.9499999999999,4.0,5,0,0,0,0,0,2
141.9423076923077,13.0,2,0,0,0,0,0,1
419.74000000000007,5.0,1,1,0,0,1,0,1
1236.3175,5.0,2,0,0,0,0,0,2
57.5,7.0,1,0,1,0,0,0,1
221.42857142857144,14.0,2,0,1,0,0,0,1
1377.5893,5.0,1,0,0,0,1,0,2
157.1428571428571,21.0,5,0,0,1,0,0,0
268.0,5.0,2,0,0,0,0,0,1
241.68233333333333,6.0,1,0,0,0,0,0,1
580.0,5.0,1,0,1,0,1,0,1
432.8571428571428,7.0,12,0,0,0,0,0,2
237.9,5.0,7,0,0,0,1,0,1
666.6666666666666,3.0,1,0,1,0,0,0,1
232.61300000000003,8.0,1,1,0,0,1,0,1
716.6666666666666,6.0,1,0,1,0,1,0,2
188.50000000000003,6.0,1,1,1,0,1,1,1
281.1809523809524,7.0,5,1,0,0,0,0,1
216.3,5.0,1,1,1,0,1,0,1
246.7210000000001,20.0,1,1,0,0,0,1,0
216.3,5.0,1,1,0,0,1,1,1
385.725004,5.0,1,1,1,0,1,1,1
344.39732499999997,6.0,1,1,1,0,1,0,1
463.5,6.0,3,0,0,0,0,0,1
278.1,5.0,2,0,1,0,0,0,1
385.725004,5.0,1,1,1,0,0,0,1
466.6666666666667,3.0,2,0,0,0,0,0,1
424.152495,5.0,1,1,1,0,0,0,1
516.6666666666666,6.0,1,0,0,0,0,0,1
539.26,8.0,1,0,1,0,1,0,1
179.4,5.0,1,0,0,0,0,0,1
197.76,5.0,1,0,1,0,1,0,1
297.26927,6.0,1,1,1,0,1,0,1
267.19,8.0,1,0,1,0,1,0,1
611.0,5.0,30,0,0,0,1,0,2
326.2711499999999,5.0,1,1,1,0,1,0,1
291.468894,5.0,1,1,1,0,1,1,1
368.8235294117647,17.0,1,1,1,0,1,0,1
224.25,3.0,1,0,0,0,0,0,1
253.76645000000008,6.0,1,1,1,0,1,0,1
344.44666666666666,6.0,1,0,0,0,0,0,1
295.8191760000001,5.0,1,1,1,0,1,0,1
290.0188,5.0,1,1,1,0,1,1,1
281.7325485714286,7.0,1,1,1,0,0,1,1
166.56000000000006,5.0,1,0,0,0,1,0,1
279.7473008333334,6.0,2,1,0,0,0,0,1
334.75,3.0,5,0,0,0,0,0,1
166.76081000000002,5.0,1,0,1,0,1,0,1
280.0,6.0,1,1,1,0,1,0,1
225.97298166666664,6.0,1,1,1,0,1,0,1
216.66666666666663,3.0,3,0,0,0,0,0,1
507.5329000000001,4.0,3,0,0,0,0,0,1
133.33333333333334,15.0,3,0,0,1,0,0,1
441.6666666666667,6.0,1,1,1,0,0,1,1
405.8333333333333,6.0,1,1,1,0,1,1,1
510.0,6.0,1,1,1,0,1,0,1
163.2,5.0,1,1,1,0,1,0,1
1096.5,2.0,1,0,0,0,1,0,2
272.00000000000006,5.0,1,0,1,0,0,0,1
224.76457,7.0,1,1,1,0,1,1,1
243.4086357142857,7.0,1,1,1,0,1,1,1
211.81730214285716,7.0,1,1,1,0,1,0,1
102.81818181818184,11.0,1,0,0,1,0,0,1
56.7428086956522,23.0,2,1,1,1,0,0,0
151.08921428571426,28.0,2,0,0,0,0,0,0
222.48,5.0,1,1,1,0,1,0,1
235.64027499999997,4.0,3,0,0,0,0,0,1
370.8,4.0,2,0,0,0,0,0,1
341.25,4.0,2,0,0,0,0,0,1
219.375,4.0,2,0,0,0,0,0,1
144.08333333333334,6.0,5,0,0,1,0,0,1
339.0,5.0,1,0,0,0,1,0,1
67.67105333333333,15.0,1,0,0,1,1,0,1
254.0,5.0,2,1,0,0,0,1,1
218.7225116666667,6.0,2,0,0,1,0,0,1
223.85826125,4.0,1,0,0,0,0,0,1
77.03624375000001,16.0,1,0,0,1,0,0,1
531.25,4.0,2,0,0,0,0,0,1
263.5,5.0,1,1,1,0,1,0,1
529.3875000000002,8.0,1,1,1,0,0,0,1
272.54999999999995,11.0,1,1,1,0,1,1,1
272.55,10.0,1,0,1,0,1,0,1
238.48125,16.0,1,1,1,0,1,0,1
153.0,5.0,1,0,1,0,0,0,1
356.25,4.0,4,0,0,1,0,0,1
123.6,7.0,5,0,0,1,0,0,1
339.1733333333333,9.0,1,1,1,0,0,0,1
659.571,8.0,1,1,1,0,0,1,1
425.0,8.0,1,1,1,0,1,1,1
458.4130303030302,33.0,2,0,1,0,0,0,0
62.22222222222222,15.0,5,0,0,0,0,0,0
238.99999999999991,15.0,1,1,0,0,0,1,1
190.0,5.0,1,0,0,0,1,0,1
467.5,5.0,1,0,0,0,0,0,1
185.75,6.0,2,0,0,1,0,0,1
297.5,5.0,1,1,0,0,1,0,1
303.144,5.0,1,0,1,0,0,0,1
224.99999999999991,16.0,5,0,0,1,0,0,0
147.77777777777777,9.0,1,0,0,0,0,0,1
642.8571428571429,7.0,3,0,0,0,0,0,2
1136.79,3.0,3,0,0,0,0,0,2
155.0,5.0,1,0,1,0,1,0,1
177.75,8.0,3,0,0,1,0,0,1
201.875,6.0,2,0,1,0,0,0,1
273.0,6.0,2,0,0,0,1,0,1
104.76190476190476,21.0,10,0,0,1,0,0,0
145.03125,8.0,2,0,0,1,1,0,1
287.99999999999994,4.0,1,1,0,0,1,0,1
290.55555555555554,9.0,1,0,0,0,1,0,1
354.9000000000001,4.0,3,0,0,0,1,0,1
219.02222222222224,9.0,4,0,0,0,0,0,1
72.8,15.0,2,1,0,1,0,1,1
89.410875,16.0,10,0,0,1,0,0,0
176.99717647058824,17.0,1,1,0,0,1,1,1
440.2,5.0,1,1,1,0,0,0,1
457.884,5.0,1,0,0,0,0,0,1
222.72727272727272,11.0,2,0,0,0,1,0,1
112.5,16.0,1,1,1,0,0,1,1
123.1346153846154,13.0,1,1,1,0,1,1,1
140.66666666666666,9.0,3,0,0,1,0,0,1
262.50000000000006,6.0,2,1,0,0,1,1,1
231.6675,8.0,1,0,1,0,1,0,1
399.6875000000001,8.0,1,0,0,0,0,0,1
270.9333333333334,3.0,2,1,0,0,0,1,1
245.33333333333337,3.0,1,0,0,0,1,0,1
788.7166666666667,6.0,2,0,0,0,0,0,2
528.6166666666667,12.0,3,0,0,0,0,0,1
61.88709677419355,31.0,10,1,1,0,1,1,0
409.5,4.0,3,0,0,0,0,0,1
125.0,8.0,2,0,0,0,0,0,1
458.4375,8.0,2,0,0,0,1,0,1
98.70967741935482,31.0,5,0,0,0,0,0,0
443.24999999999994,6.0,3,0,0,0,0,0,1
364.0,3.0,4,0,0,0,0,0,1
182.0,6.0,6,0,0,1,0,0,1
128.34,10.0,1,1,1,1,0,1,1
97.01129032258066,31.0,5,0,0,1,0,0,0
161.3181818181818,11.0,5,0,0,1,0,0,1
545.4545454545455,11.0,1,0,1,0,1,0,1
308.05333333333334,3.0,2,1,0,0,0,0,1
345.45454545454544,11.0,1,0,1,1,1,0,1
350.0,14.0,1,1,0,0,1,0,1
297.4125,4.0,5,0,0,0,0,0,1
1687.4999999999998,5.0,1,1,0,0,1,0,2
250.0568181818182,11.0,3,1,1,0,1,1,1
147.08499999999998,10.0,3,0,0,0,1,0,1
214.8107142857143,14.0,2,0,0,0,0,0,1
359.4262500000001,8.0,1,0,1,0,1,0,1
434.655,6.0,1,0,0,0,0,0,1
293.1992307692307,13.0,3,0,1,0,0,0,1
940.359375,16.0,2,0,1,0,0,0,2
417.9375000000001,4.0,1,0,1,0,1,0,1
396.49,3.0,1,0,0,0,0,0,1
204.64,10.0,1,0,0,0,0,0,1
548.1428571428571,7.0,3,0,0,0,0,0,1
415.67500000000007,8.0,4,0,0,0,0,0,1
114.91666666666664,6.0,1,0,0,0,0,0,1
985.0,7.0,2,0,1,0,1,0,2
265.2,5.0,1,1,1,0,0,0,1
215.80772727272725,11.0,1,1,1,0,1,0,1
139.31250000000003,12.0,1,1,0,0,1,0,1
73.55700000000002,15.0,1,0,1,1,0,0,1
265.6,4.0,3,0,0,0,0,0,1
208.0,4.0,1,1,0,0,1,1,1
61.82123357142857,21.0,2,0,0,1,0,0,0
899.9999999999999,4.0,2,0,0,0,0,0,2
281.732,12.0,2,1,1,0,1,0,1
244.44444444444449,9.0,2,1,1,0,0,0,1
247.5,12.0,1,0,0,0,0,0,1
287.2202857142857,7.0,1,0,0,0,1,0,1
241.325,4.0,2,0,0,0,0,0,1
449.7007499999998,4.0,1,0,1,0,1,0,1
408.825,8.0,10,0,0,0,0,0,2
272.0,4.0,5,0,0,0,0,0,1
229.4117647058824,17.0,1,1,0,0,0,1,1
179.06,5.0,2,0,1,0,1,0,1
111.81818181818184,22.0,2,0,0,1,0,0,0
188.57142857142856,7.0,1,0,1,0,0,0,1
300.00000000000006,8.0,1,1,1,1,1,0,1
105.88235294117646,17.0,2,1,0,0,0,1,0
218.75,4.0,1,0,1,0,0,0,1
241.20675,8.0,1,0,1,0,1,0,1
220.64,5.0,1,1,0,0,1,0,1
123.20000000000002,4.0,5,0,0,1,0,0,1
405.0,5.0,2,0,0,0,0,0,1
106.71666666666664,6.0,1,0,1,0,1,0,1
142.4083333333333,12.0,3,0,0,0,0,0,1
357.0,4.0,1,0,0,0,0,0,1
82.74000000000001,5.0,1,0,0,0,0,0,1
204.789375,8.0,1,0,0,1,0,0,1
286.5857142857143,7.0,1,0,0,0,1,0,1
42.76363636363636,11.0,3,0,0,1,0,0,1
292.99125,16.0,2,1,1,0,1,1,1
106.4516129032258,31.0,3,0,0,1,0,0,0
152.871625,8.0,1,0,1,0,0,0,1
153.33333333333334,15.0,3,0,0,0,0,0,1
63.40909090909091,11.0,2,1,1,0,1,1,1
430.3928571428572,7.0,2,1,0,0,0,0,1
275.0625,8.0,1,1,1,0,0,1,1
499.99999999999994,8.0,10,1,1,0,0,0,2
428.5714285714285,7.0,1,1,1,0,1,1,1
275.28000000000003,5.0,1,0,1,0,0,0,1
416.66666666666674,8.0,1,1,0,0,1,0,1
203.58,5.0,1,0,0,0,0,0,1
909.0909090909092,11.0,1,1,1,0,1,0,2
248.60333333333332,9.0,1,0,0,0,1,0,1
1190.0,10.0,10,0,0,1,0,0,2
131.13594999999998,6.0,6,0,0,1,0,0,1
254.99999999999991,5.0,1,0,0,0,0,0,1
430.6666666666667,6.0,1,1,1,0,0,0,1
204.00000000000003,5.0,1,1,1,0,0,1,1
810.0333333333333,3.0,3,0,0,0,0,0,2
437.418,5.0,2,0,0,0,0,0,1
277.11666666666673,6.0,1,1,0,0,0,1,1
210.50625,8.0,1,0,0,0,1,0,1
317.034,5.0,2,0,0,0,0,0,1
91.93333333333334,6.0,1,0,0,0,0,0,1
247.64541666666665,6.0,1,0,1,0,0,0,1
216.151,5.0,3,0,0,0,0,0,1
482.65,3.0,5,0,0,0,0,0,1
570.9341666666666,6.0,1,1,1,0,0,1,1
67.48857142857143,21.0,2,0,1,1,0,0,0
230.0,8.0,2,0,0,1,0,0,1
138.79084615384616,13.0,1,0,1,0,1,0,1
140.04876923076924,13.0,3,0,1,0,1,0,1
1687.4999999999998,7.0,2,0,0,1,1,0,2
313.72249999999997,4.0,1,0,0,0,1,0,1
150.0,11.0,1,0,1,0,1,0,1
82.74,15.0,2,0,0,1,0,0,1
80.45714285714287,7.0,2,0,0,1,0,0,1
65.61290322580643,31.0,3,0,1,1,0,0,0
312.5,8.0,2,0,0,1,0,0,1
171.875,8.0,1,1,0,0,1,1,1
482.04,5.0,2,0,1,0,0,0,1
293.88,5.0,1,1,1,0,1,1,1
134.4,5.0,1,0,0,1,0,0,1
257.1428571428572,7.0,2,1,1,0,0,1,1
181.69999999999996,9.0,1,1,1,0,1,1,1
140.427,10.0,2,1,1,0,1,0,1
375.0,8.0,1,0,0,0,0,0,1
375.0,8.0,1,0,0,0,1,0,1
112.70270270270272,35.0,1,1,0,1,0,0,0
144.56052,25.0,2,0,0,0,1,0,0
283.45200000000006,10.0,1,0,1,0,1,0,1
373.141385,6.0,1,1,1,0,1,1,1
197.76,5.0,1,0,1,0,1,0,1
393.40785,5.0,1,1,1,0,1,1,1
349.06005600000003,5.0,2,1,1,0,1,1,1
494.3999999999999,5.0,1,1,1,0,0,1,1
425.0,10.0,1,0,0,0,1,0,1
489.971595,4.0,1,1,0,0,1,0,1
308.54545454545456,11.0,1,1,1,0,1,0,1
43.354838709677416,31.0,2,1,1,0,0,1,0
269.42477,6.0,1,1,1,0,1,0,1
238.4290000000001,6.0,1,1,1,0,1,0,1
309.0909090909091,11.0,2,1,0,0,0,0,1
218.877822,5.0,1,0,1,0,1,0,1
203.141508,5.0,1,0,1,0,1,0,1
310.43455800000004,5.0,1,1,1,0,0,0,1
98.13333333333334,6.0,3,0,0,1,0,0,1
837.4999999999999,4.0,1,1,0,0,1,1,2
282.538365,6.0,1,1,1,0,0,0,1
265.84833499999996,6.0,1,1,1,0,1,0,1
249.158305,6.0,1,1,1,0,1,0,1
263.63435142857145,7.0,1,1,1,0,0,1,1
258.933894,5.0,1,1,0,0,1,1,1
260.5688357142857,7.0,1,1,1,0,0,0,1
422.01933,6.0,1,1,1,0,1,1,1
364.79637,5.0,1,1,1,0,1,0,1
59.3125,6.0,2,0,1,0,0,0,1
528.0,4.0,2,0,0,0,0,0,1
390.546702,5.0,1,1,1,0,1,1,1
231.81818181818176,11.0,1,1,0,0,1,1,1
365.98851500000006,6.0,1,1,0,0,1,0,1
133.52023999999997,15.0,1,1,1,1,1,0,1
610.0,5.0,1,1,0,0,1,0,1
93.33333333333331,15.0,3,0,0,1,0,0,1
134.86200000000002,5.0,2,0,1,0,0,0,1
111.26686666666666,9.0,1,1,1,1,1,0,1
215.5275,4.0,2,0,0,0,1,0,1
248.0,4.0,1,1,0,0,0,1,1
232.5225,4.0,2,0,1,0,0,0,1
448.0,4.0,4,0,0,0,0,0,1
144.24954499999998,6.0,2,0,1,0,1,0,1
552.8571428571429,7.0,3,0,0,0,0,0,1
163.80072299999998,5.0,1,1,0,0,0,0,1
185.259333,5.0,2,0,0,0,0,0,1
22.241935483870964,31.0,10,0,0,1,0,0,0
52.89375,16.0,5,0,0,1,0,0,0
51.940909090909095,11.0,1,0,0,1,0,0,1
210.33,10.0,4,1,0,0,1,0,1
179.4,5.0,1,1,1,0,1,0,1
481.26409090909095,11.0,2,0,0,0,0,0,1
220.82833333333335,18.0,2,1,1,0,1,0,0
299.655,4.0,1,0,0,0,1,0,1
176.89285714285714,7.0,3,1,1,0,1,1,1
225.026888,14.0,2,0,0,0,0,0,1
159.64,10.0,6,0,0,0,1,0,1
116.37096774193547,31.0,1,1,1,0,1,0,0
257.88,5.0,1,0,0,0,0,0,1
188.06666666666663,3.0,6,0,0,0,0,0,1
1679.8145454545456,11.0,5,0,0,0,1,0,2
133.92000000000002,5.0,5,0,0,1,0,0,1
119.04761904761904,21.0,10,1,0,1,0,0,0
65.06666666666668,30.0,3,0,0,0,0,0,0
138.8945454545455,11.0,3,0,0,0,0,0,1
300.0,9.0,1,0,1,0,0,0,1
191.516,7.0,3,1,1,0,1,0,1
79.78666666666666,15.0,3,0,0,1,0,0,1
666.4,4.0,3,1,0,0,0,1,2
145.8875,8.0,1,1,0,0,0,0,1
362.6666666666667,6.0,2,0,0,0,0,0,1
363.7999999999999,4.0,3,0,0,0,0,0,1
317.3333333333333,6.0,4,0,0,0,0,0,1
348.5,8.0,3,0,0,0,0,0,1
243.9257142857143,14.0,1,0,1,0,0,0,1
116.9484375,8.0,1,0,0,0,1,0,1
209.34620689655168,29.0,3,1,1,0,0,0,0
377.716,5.0,1,1,1,0,0,1,1
505.92,8.0,2,0,0,0,0,0,1
277.43999999999994,5.0,2,0,0,0,0,0,1
196.55555555555551,9.0,1,0,0,0,0,0,1
235.77777777777777,9.0,3,1,1,0,1,0,1
308.26666666666665,6.0,5,0,0,0,1,0,1
257.88,5.0,1,1,0,0,1,0,1
167.91013846153845,13.0,2,0,1,1,1,0,1
368.4,5.0,2,1,0,0,0,0,1
303.57142857142856,4.0,1,0,0,0,1,0,1
315.0666666666666,6.0,2,0,0,0,0,0,1
258.3999999999999,6.0,1,0,0,0,0,0,1
91.26822857142858,21.0,5,0,0,1,0,0,0
211.77609333333336,15.0,1,0,0,0,0,0,1
532.398,4.0,2,0,0,0,0,0,1
243.1,4.0,2,0,0,0,0,0,1
1383.3333333333333,3.0,10,0,0,0,0,0,2
148.62884615384615,13.0,3,0,1,0,1,0,1
231.8181818181818,11.0,4,1,1,0,0,1,1
374.9999999999999,10.0,3,1,1,1,1,0,1
238.90666666666664,9.0,1,0,0,0,0,0,1
109.0429977777778,35.0,3,0,1,1,1,0,0
76.90193333333333,6.0,1,0,0,1,0,0,1
106.888,5.0,2,0,0,1,0,0,1
124.32380952380947,14.0,2,0,0,0,0,0,1
192.0,9.0,10,0,0,0,0,0,1
287.8666666666667,4.0,2,0,0,0,1,0,1
283.9456,5.0,10,0,0,0,0,0,1
199.99999999999997,8.0,3,0,0,0,1,0,1
319.5999999999999,4.0,2,0,0,0,1,0,1
475.00000000000006,4.0,3,0,0,0,0,0,1
449.99999999999983,6.0,5,0,1,0,0,0,1
309.09090909090907,11.0,10,0,0,0,0,0,1
437.6625,8.0,10,0,0,0,0,0,2
476.0,4.0,2,0,0,0,0,0,1
162.7590909090909,11.0,1,1,1,0,0,0,1
153.84615384615384,26.0,2,0,1,0,1,0,0
321.875,8.0,2,1,1,0,1,1,1
354.64285714285717,7.0,1,0,0,0,0,0,1
260.9014285714285,14.0,1,0,1,0,0,0,1
533.3333333333334,15.0,1,1,1,0,1,0,1
85.3225806451613,31.0,5,1,1,0,1,1,0
463.8095238095238,7.0,1,0,1,0,1,0,1
323.43714285714293,7.0,1,0,0,0,0,0,1
151.5151515151515,11.0,1,0,0,1,0,0,1
102.03,15.0,1,0,0,1,0,0,1
171.125,4.0,1,0,0,0,0,0,1
168.3657142857143,7.0,3,0,0,1,0,0,1
216.7583333333333,6.0,1,0,1,0,1,0,1
39.583333333333336,32.0,1,1,1,1,1,0,0
393.9100000000001,15.0,1,1,1,0,1,0,1
273.79999999999995,5.0,10,1,1,0,0,0,1
320.0,10.0,1,1,1,0,0,1,1
66.02150537634408,31.0,20,0,0,0,0,0,0
414.2857142857143,7.0,1,1,0,0,0,0,1
281.4166666666667,12.0,5,0,0,1,0,0,1
140.55425000000002,15.0,1,1,1,0,1,0,1
416.18750000000006,8.0,1,1,0,0,0,0,1
233.54347826086956,23.0,2,0,1,0,1,0,0
305.76230769230773,13.0,1,0,0,0,1,0,1
125.59999999999997,15.0,1,1,0,1,1,0,1
336.24999999999994,8.0,5,1,1,0,0,0,1
288.19475,8.0,1,1,0,0,1,1,1
570.4166666666666,6.0,1,0,0,0,0,0,1
41.81888888888889,30.0,7,1,1,1,0,0,0
254.8,14.0,1,0,0,0,0,0,1
182.5333333333333,9.0,1,0,0,0,0,0,1
237.5,4.0,1,1,1,0,1,0,1
68.45,2.0,6,0,0,0,0,0,1
509.9999999999999,5.0,1,1,0,0,0,0,1
184.8888888888889,9.0,1,0,1,0,0,0,1
285.7142857142857,14.0,4,1,1,1,0,1,1
340.6775,8.0,3,0,0,0,1,0,1
175.38095238095235,7.0,3,0,1,0,0,0,1
707.98,6.0,3,1,1,0,0,1,2
185.5609090909091,11.0,1,0,1,0,0,0,1
277.77777777777777,9.0,2,0,0,1,0,0,1
339.2857142857143,14.0,1,0,1,0,1,0,1
408.3333333333333,12.0,1,1,0,0,1,1,1
184.0909090909091,11.0,1,1,0,1,0,1,1
332.95000000000005,6.0,1,0,0,0,0,0,1
190.2571428571429,28.0,1,0,1,0,1,0,0
45.79767741935484,31.0,3,0,0,1,1,0,0
471.42857142857144,7.0,5,0,0,0,0,0,1
466.84,5.0,5,0,0,0,0,0,1
168.81857142857143,14.0,1,1,1,0,1,1,1
98.66666666666669,15.0,1,0,0,1,0,0,1
333.3333333333333,6.0,1,0,0,0,1,0,1
188.0025,10.0,1,0,1,0,1,0,1
268.575,6.0,3,1,1,1,1,0,1
382.3333333333333,3.0,5,1,0,0,0,0,1
408.75,8.0,2,0,1,0,0,0,1
310.0,10.0,1,0,1,0,1,0,1
94.83870967741932,31.0,4,0,0,1,0,0,0
27.374999999999996,28.0,1,1,1,1,0,1,0
273.125,8.0,5,1,0,1,0,1,1
230.88,5.0,1,0,0,0,1,0,1
216.6208333333333,6.0,1,1,1,0,0,1,1
151.66666666666666,6.0,1,0,1,0,1,0,1
125.0,8.0,2,0,0,1,0,0,1
36.483870967741936,31.0,10,0,1,1,0,0,0
41.0,30.0,2,0,1,0,1,0,0
124.46666666666668,9.0,4,0,1,0,0,0,1
216.5909090909091,11.0,1,0,1,0,0,0,1
324.104,5.0,1,1,1,0,0,1,1
110.91625000000002,16.0,1,0,0,0,0,0,1
190.77595,8.0,2,0,0,1,0,0,1
205.32724999999996,6.0,1,1,1,0,0,1,1
114.035375,8.0,5,0,0,1,1,0,1
67.60609523809524,21.0,1,0,0,1,0,0,0
100.71428571428572,14.0,2,1,1,1,1,0,1
319.4388,5.0,1,0,0,0,0,0,1
326.53743999999995,5.0,1,0,0,0,0,0,1
419.517,7.0,2,0,0,0,0,0,1
283.9456,5.0,1,0,0,0,0,0,1
241.35376,5.0,1,0,0,0,0,0,1
62.18181818181817,11.0,2,0,0,1,0,0,1
161.139,6.0,1,0,0,0,1,0,1
27.83780392156863,35.0,1,0,0,1,0,0,0
301.9230769230769,13.0,1,1,1,0,0,1,1
23.662133333333333,5.0,1,0,0,0,0,0,1
241.35376,5.0,1,0,0,0,0,0,1
372.6786,4.0,2,0,0,0,0,0,1
283.9456,5.0,1,0,0,0,0,0,1
319.4388,4.0,1,0,0,0,0,0,1
255.55104,5.0,1,0,0,0,0,0,1
269.74832000000004,5.0,1,0,0,0,0,0,1
324.46666666666664,3.0,1,0,0,0,1,0,1
221.42857142857144,7.0,1,0,0,0,0,0,1
133.2,15.0,4,1,1,0,1,1,1
190.98,4.0,4,0,0,0,0,0,1
797.6677500000001,4.0,1,0,0,0,1,0,2
76.95,6.0,1,1,0,0,1,1,1
337.398,5.0,5,0,0,0,1,0,1
410.7,6.0,1,1,1,0,1,0,1
138.54419444444446,24.0,1,1,1,0,1,0,0
76.543875,16.0,1,0,0,0,0,0,1
230.25,5.0,1,0,1,0,1,0,1
330.75,10.0,2,1,1,0,1,1,1
521.0,5.0,1,0,0,1,0,0,1
664.942857142857,7.0,15,0,0,0,0,0,2
221.778,5.0,1,0,0,0,1,0,1
301.18,5.0,1,0,1,0,1,0,1
175.21809733333336,6.0,5,1,1,0,0,1,1
178.25000000000003,6.0,30,0,0,0,0,0,2
246.42,5.0,1,1,0,0,0,1,1
254.2248,5.0,2,0,1,0,1,0,1
170.5,4.0,5,0,1,0,0,0,1
316.2,3.0,20,0,0,0,0,0,2
109.3151515151515,11.0,2,0,1,0,1,0,1
279.93333333333334,4.0,2,0,0,1,0,0,1
408.0,4.0,5,0,0,0,1,0,1
137.93684210526317,19.0,2,0,1,0,1,0,0
135.89333333333332,30.0,1,0,0,0,0,0,0
101.77578947368424,35.0,1,0,1,0,1,0,0
431.7999999999999,4.0,4,0,0,0,0,0,1
328.49,5.0,1,0,0,0,1,0,1
349.98,5.0,2,0,0,0,0,0,1
44.003571428571426,14.0,2,0,0,1,0,0,1
91.26666666666668,9.0,2,0,0,1,0,0,1
120.0,25.0,2,1,1,1,0,0,0
684.5,4.0,3,0,0,0,0,0,2
177.96999999999997,5.0,1,0,0,0,0,0,1
263.9483333333333,6.0,1,0,1,0,1,0,1
213.564,5.0,2,0,0,0,0,0,1
635.0,2.0,5,0,0,0,0,0,2
104.67310344827588,29.0,1,0,1,0,1,0,0
260.87502,6.0,1,1,0,0,1,0,1
198.76192,7.0,1,1,1,0,1,1,1
237.094576,5.0,1,1,1,0,1,0,1
296.72315199999997,5.0,1,1,1,0,1,0,1
198.76192,6.0,1,1,1,0,1,1,1
293.883696,5.0,1,1,1,0,1,0,1
240.17065333333335,6.0,1,1,1,0,1,0,1
88.536,5.0,1,0,0,1,0,0,1
225.736752,5.0,1,1,1,0,1,0,1
258.390496,5.0,1,1,1,0,1,0,1
220.05784000000003,6.0,1,1,1,0,0,0,1
241.35376,6.0,1,0,1,0,1,0,1
127.77552,15.0,3,0,0,1,0,0,1
456.6791733333334,6.0,1,1,1,0,1,1,1
442.48189333333335,6.0,1,1,1,0,1,0,1
499.74425600000006,5.0,1,1,1,0,1,0,1
359.4608,5.0,1,1,1,0,1,0,1
360.610912,5.0,1,1,1,0,1,1,1
220.98,5.0,1,0,1,0,0,0,1
450.7636399999999,4.0,1,1,1,0,1,0,1
292.2273466666667,6.0,1,1,1,0,1,1,1
108.188125,8.0,1,0,0,1,0,0,1
494.74966666666666,6.0,1,1,0,0,0,1,1
397.575,4.0,3,0,1,0,1,0,1
284.99999999999994,6.0,1,0,0,0,1,0,1
220.0,5.0,1,0,0,0,1,0,1
99.02666666666669,6.0,1,0,1,0,0,0,1
161.2,5.0,1,0,0,1,0,0,1
209.0909090909091,11.0,2,0,0,1,0,0,1
204.59999999999997,4.0,1,0,0,1,0,0,1
200.778,5.0,1,1,1,0,0,1,1
242.53686666666673,6.0,4,1,0,1,0,1,1
202.31124000000003,5.0,2,0,0,0,0,0,1
331.2698666666666,6.0,1,0,0,0,0,0,1
293.3333333333333,6.0,2,0,0,0,1,0,1
266.199,3.0,2,0,0,0,0,0,1
35.4932,26.0,3,0,0,1,0,0,0
245.45454545454547,11.0,4,0,0,1,0,0,1
347.5,16.0,5,0,0,1,0,0,1
210.0,10.0,2,0,1,0,1,0,1
87.03703703703704,27.0,1,0,1,0,1,0,0
22.0,35.0,6,0,1,1,0,0,0
516.6666666666666,3.0,1,0,0,0,0,0,1
137.9,5.0,1,0,0,0,0,0,1
284.4835555555556,9.0,1,0,1,0,0,0,1
542.9,5.0,3,0,0,0,1,0,1
508.3333333333334,3.0,2,0,0,0,0,0,1
292.8,5.0,1,0,0,0,0,0,1
136.2333333333333,5.0,2,0,0,0,0,0,1
136.93548387096774,31.0,1,0,1,0,1,0,0
167.7784615384615,13.0,5,0,0,0,1,0,1
579.1800000000001,5.0,1,0,0,0,0,0,1
77.16666666666666,18.0,10,0,0,1,0,0,0
413.9199999999999,8.0,1,0,1,0,0,0,1
400.0,6.0,2,1,1,0,1,1,1
107.87999999999997,10.0,2,0,0,1,1,0,1
348.7499999999999,4.0,4,0,0,1,0,0,1
77.78159999999998,25.0,5,0,1,0,0,0,0
884.6666666666665,6.0,2,1,1,0,0,1,2
236.29090909090917,11.0,1,1,1,0,1,0,1
104.8125,24.0,2,0,0,0,0,0,0
1250.0000000000002,10.0,7,0,0,0,1,0,2
199.99999999999997,5.0,2,1,1,0,1,0,1
80.00000000000001,10.0,5,0,0,0,1,0,1
151.4285714285714,7.0,1,0,0,1,0,0,1
264.0,5.0,1,0,1,0,0,0,1
69.12820512820512,13.0,1,0,0,0,0,0,1
922.5,4.0,10,0,0,0,0,0,2
132.85638533333335,15.0,1,0,0,1,1,0,1
236.56083,10.0,1,0,1,0,1,0,1
195.3,6.0,5,1,0,0,0,0,1
280.00000000000006,6.0,1,1,0,0,1,1,1
599.3333333333335,18.0,1,0,1,0,1,0,1
494.1,5.0,2,0,0,0,1,0,1
201.3,5.0,2,0,1,0,1,0,1
301.5,4.0,10,0,0,0,0,0,1
150.133,12.0,1,0,1,0,0,0,1
174.83809523809524,7.0,1,0,0,0,0,0,1
92.68333333333334,6.0,1,0,0,1,0,0,1
70.96774193548387,31.0,8,0,0,0,0,0,0
112.88615625,8.0,3,0,0,0,0,0,1
224.0159375,8.0,1,0,0,0,0,0,1
258.0663599999999,5.0,1,0,0,0,0,0,1
286.74039999999997,5.0,2,0,0,0,0,0,1
265.23487,5.0,1,0,0,0,0,0,1
293.90891,5.0,1,0,0,0,0,0,1
179.21275,9.0,1,0,0,0,0,0,1
243.72934,5.0,1,0,0,0,0,0,1
59.73758333333334,21.0,1,0,0,0,0,0,0
278.48571428571427,7.0,10,0,0,1,0,0,1
415.8720000000001,5.0,1,1,0,0,1,1,1
197.5392,5.0,7,0,0,1,0,0,1
389.88000000000005,7.0,2,0,0,0,1,0,1
137.9,4.0,4,0,0,1,0,0,1
23.775862068965516,29.0,8,0,0,1,0,0,0
164.58571428571426,7.0,2,0,0,1,1,0,1
400.42500000000007,4.0,4,0,0,0,0,0,1
576.05,4.0,3,0,0,0,0,0,1
177.17142857142858,14.0,1,0,0,1,0,0,1
235.45454545454547,11.0,2,0,0,1,1,0,1
72.23478260869565,23.0,1,1,0,1,0,1,0
153.64727272727268,11.0,1,0,1,0,0,0,1
317.8310769230769,13.0,1,1,0,0,0,0,1
453.7200000000001,4.0,1,0,1,0,0,0,1
167.03999999999996,31.0,4,0,0,0,0,0,0
827.8400000000001,6.0,1,1,1,0,0,1,2
57.15071428571429,21.0,1,0,0,1,1,0,0
95.6593,10.0,3,0,0,1,0,0,1
145.93333333333334,15.0,5,0,0,1,0,0,1
329.076,5.0,1,1,1,0,0,0,1
124.81575,8.0,1,0,0,0,0,0,1
351.25,4.0,2,0,0,0,1,0,1
86.66666666666667,6.0,5,0,0,0,0,0,1
117.39882352941174,17.0,1,1,1,0,0,1,0
279.5833333333333,6.0,1,0,1,1,1,0,1
116.70654545454543,11.0,5,0,1,1,0,0,1
245.18181818181827,11.0,1,1,1,0,1,1,1
384.0333333333333,3.0,5,0,0,0,0,0,1
280.6,5.0,2,0,0,0,0,0,1
84.3,11.0,2,0,0,1,1,0,1
143.28000000000003,16.0,20,0,0,1,0,0,0
154.17263157894735,19.0,2,0,1,1,0,0,0
429.33333333333337,5.0,1,0,0,1,0,0,1
163.78145454545455,11.0,3,1,1,1,1,1,1
256.0466666666667,12.0,2,1,0,0,1,1,1
149.88702727272727,22.0,2,0,1,0,1,0,0
261.6666666666667,6.0,1,0,0,1,0,0,1
323.84000000000003,5.0,1,0,0,0,0,0,1
676.5714285714286,7.0,2,0,1,0,0,0,2
389.86666666666673,6.0,3,0,0,0,0,0,1
500.0000000000001,8.0,1,0,1,0,0,0,1
299.0,5.0,3,1,1,0,1,0,1
507.525,4.0,1,0,0,0,0,0,1
219.42857142857144,7.0,1,0,0,0,0,0,1
266.94999999999993,4.0,4,0,0,0,1,0,1
95.87058823529412,17.0,4,0,0,0,0,0,0
140.5,17.0,2,0,0,0,0,0,0
307.2,5.0,10,0,0,0,0,0,1
144.40000000000003,35.0,1,0,1,0,0,0,0
71.46666666666667,3.0,1,0,0,0,0,0,1
288.025,4.0,3,0,0,0,0,0,1
512.825,4.0,1,0,0,0,0,0,1
245.45454545454547,11.0,7,1,1,0,0,0,1
507.6923076923077,13.0,1,0,0,0,0,0,1
263.7066666666667,9.0,1,0,1,0,1,0,1
172.01419354838714,31.0,2,0,1,0,0,0,0
262.49999999999994,12.0,1,0,1,0,0,0,1
127.84838709677425,31.0,20,0,0,1,0,0,0
279.2324999999999,8.0,2,1,0,0,0,0,1
191.43125,4.0,6,0,0,0,0,0,1
207.4615384615384,13.0,1,1,0,0,1,1,1
791.4833333333332,6.0,4,0,0,0,0,0,2
306.84999999999997,9.0,1,0,1,0,1,0,1
166.13520000000003,25.0,3,1,1,0,0,1,0
190.625,35.0,3,0,0,0,1,0,0
303.38,5.0,1,0,0,0,0,0,1
421.5,4.0,3,0,0,0,0,0,1
511.99999999999994,6.0,4,0,0,0,0,0,1
94.8566666666667,10.0,1,1,0,0,1,0,1
103.03333333333332,15.0,6,0,0,0,0,0,0
448.17500000000007,8.0,2,0,0,0,1,0,1
415.151515151515,11.0,1,1,1,0,1,1,1
1687.4999999999998,6.0,4,0,0,0,0,0,2
178.0714285714286,7.0,2,0,0,0,0,0,1
186.9565217391305,23.0,1,0,1,0,1,0,0
214.28571428571428,7.0,1,0,0,0,1,0,1
253.33333333333337,15.0,1,0,0,1,0,0,1
361.25,8.0,1,0,0,1,0,0,1
131.58782608695657,23.0,3,0,0,1,0,0,0
192.16000000000005,15.0,1,0,1,0,1,0,1
490.3036363636365,11.0,6,1,0,0,1,0,1
438.615,4.0,1,0,1,0,1,0,1
277.1657142857143,7.0,1,1,1,0,0,0,1
179.2,5.0,3,0,0,0,0,0,1
223.66666666666669,9.0,5,0,0,0,0,0,1
375.0,12.0,1,1,1,0,1,0,1
76.61290322580645,31.0,1,0,0,1,0,0,0
168.94800000000004,15.0,2,0,0,1,0,0,1
364.9752,5.0,1,0,0,0,0,0,1
245.66666666666663,3.0,10,0,0,0,0,0,1
376.5080000000001,5.0,2,0,1,0,1,0,1
152.0127272727273,22.0,1,0,1,0,1,0,0
394.816,11.0,1,1,1,0,0,0,1
315.21599999999995,14.0,4,1,1,0,1,1,1
426.855,4.0,1,1,0,0,1,1,1
158.30550000000002,6.0,2,1,0,1,1,0,1
285.71428571428567,7.0,2,1,0,0,1,0,1
57.142857142857146,35.0,3,1,1,1,0,1,0
245.0,4.0,3,0,0,1,0,0,1
241.66666666666663,12.0,1,0,0,0,1,0,1
175.0,11.0,1,0,0,0,1,0,1
127.63636363636364,11.0,1,0,0,1,0,0,1
250.88,5.0,2,0,0,0,1,0,1
521.6666666666666,6.0,1,1,1,0,0,0,1
135.0,15.0,2,0,0,1,0,0,1
1489.32,5.0,2,0,0,0,0,0,2
182.02799999999996,5.0,1,0,1,0,1,0,1
161.65,5.0,3,0,0,0,0,0,1
25.683333333333326,3.0,2,0,0,0,0,0,1
358.4,5.0,1,0,0,0,0,0,1
192.31714285714287,7.0,2,1,0,0,0,0,1
368.50000000000006,4.0,1,0,0,0,0,0,1
177.4206225,6.0,5,0,1,1,1,0,1
178.22,5.0,5,0,0,1,1,0,1
191.78666666666663,27.0,1,1,1,1,1,0,0
224.3904,25.0,1,1,0,0,1,1,0
254.98909090909092,11.0,1,0,0,0,0,0,1
175.30499999999998,12.0,15,0,0,1,0,0,0
321.7666666666666,3.0,4,0,0,0,0,0,1
293.90891000000005,6.0,1,1,1,0,0,1,1
690.8752499999999,4.0,2,0,0,0,0,0,2
220.790108,5.0,1,1,0,0,1,0,1
209.08154166666668,6.0,1,1,1,0,0,1,1
110.93333333333337,15.0,15,1,1,0,0,1,0
278.138188,5.0,1,1,1,0,1,1,1
231.44046571428572,7.0,1,1,0,0,0,1,1
195.93927333333332,6.0,1,1,1,0,1,1,1
181.90094125,4.0,1,0,0,0,1,0,1
418.57142857142856,7.0,1,0,0,0,0,0,1
210.27629333333337,6.0,1,1,1,0,1,0,1
213.06,5.0,5,0,0,0,0,0,1
207.88679,6.0,1,1,1,0,1,1,1
328.317758,5.0,1,0,1,0,1,0,1
179.21275,8.0,3,0,0,1,0,0,1
433.3333333333333,6.0,5,0,0,0,0,0,1
875.5999999999999,3.0,2,0,0,0,0,0,2
38.08270937499999,8.0,2,0,1,0,0,0,1
520.9117266666667,3.0,1,0,0,0,1,0,1
287.9351516666667,6.0,1,1,1,0,1,1,1
440.0,5.0,1,0,0,0,0,0,1
309.2857142857143,14.0,2,0,0,0,0,0,1
287.5,6.0,3,0,0,0,0,0,1
206.13083333333336,6.0,1,1,1,0,1,0,1
247.82563142857143,7.0,1,1,1,0,0,1,1
436.08435833333334,3.0,1,1,0,0,1,1,1
427.6833333333332,3.0,10,0,0,0,0,0,2
292.7141583333334,6.0,1,1,0,0,1,1,1
290.3333333333333,3.0,30,0,0,0,0,0,2
320.19344666666666,6.0,1,1,1,0,1,1,1
127.36,31.0,1,1,1,0,1,1,0
267.6243733333333,6.0,1,1,1,0,1,0,1
259.8584875,4.0,1,1,1,0,1,1,1
361.45125,4.0,1,0,1,0,1,0,1
221.1,4.0,9,0,0,0,0,0,1
495.82194166666665,3.0,1,0,0,0,1,0,1
160.00000000000003,5.0,5,0,0,0,0,0,1
137.90000000000003,5.0,2,0,0,0,0,0,1
390.6837950000001,4.0,1,1,0,0,1,1,1
189.03272727272727,11.0,2,0,1,1,1,0,1
133.33333333333334,6.0,1,1,1,0,1,1,1
290.90909090909093,11.0,10,0,0,1,0,0,1
252.21,10.0,2,0,0,1,0,0,1
226.4,5.0,1,1,0,0,0,1,1
164.72727272727278,11.0,1,0,0,1,0,0,1
238.0952380952381,21.0,1,0,1,0,1,0,0
462.962962962963,9.0,1,1,1,0,1,0,1
323.36,5.0,1,1,1,0,1,1,1
134.32380952380953,7.0,1,1,0,0,1,0,1
137.5,6.0,2,0,0,0,0,0,1
201.77777777777777,15.0,5,1,1,0,0,0,1
416.6666666666667,6.0,1,1,1,0,1,0,1
73.54666666666667,30.0,10,0,0,1,0,0,0
357.14285714285717,7.0,1,0,0,0,1,0,1
134.64285714285714,14.0,1,0,1,0,0,0,1
248.7375,4.0,30,0,0,0,0,0,2
470.8333333333334,6.0,1,0,0,0,1,0,1
356.25,16.0,1,1,0,0,1,1,1
259.2992923076923,13.0,1,0,1,0,1,0,1
245.4106666666666,15.0,1,0,0,0,0,0,1
153.24241071428568,14.0,1,0,1,0,1,0,1
234.0,5.0,2,0,0,0,1,0,1
127.39999999999998,6.0,1,0,0,0,1,0,1
237.744,5.0,1,0,0,0,1,0,1
134.86666666666665,6.0,1,0,1,0,1,0,1
336.9599999999999,5.0,1,0,0,0,1,0,1
515.1666666666669,3.0,5,0,0,0,1,0,1
331.93125000000003,2.0,10,0,0,0,0,0,2
1025.0,4.0,2,1,0,0,0,1,2
850.0,4.0,1,1,0,0,1,1,2
238.85000000000005,5.0,3,0,0,0,0,0,1
40.27666666666667,30.0,2,0,0,1,0,0,0
291.0,10.0,1,1,0,0,1,0,1
751.9399999999999,4.0,1,0,1,0,0,0,2
312.49999999999994,8.0,1,0,0,0,0,0,1
279.22666666666663,6.0,1,0,0,0,1,0,1
168.00533333333334,15.0,5,0,0,1,0,0,1
423.54285714285714,7.0,1,0,0,0,1,0,1
453.3333333333333,5.0,1,1,1,0,0,1,1
186.66666666666663,15.0,6,0,0,1,0,0,0
217.24285714285716,7.0,1,0,0,0,0,0,1
237.13636363636363,11.0,1,1,1,0,1,0,1
110.73,30.0,1,0,1,0,0,0,0
345.0,4.0,1,0,0,0,0,0,1
69.483724,15.0,2,1,1,1,1,0,1
219.11666666666667,18.0,2,0,0,0,0,0,0
198.31433333333337,6.0,2,1,0,0,0,1,1
292.5,4.0,6,0,0,0,0,0,1
287.04,5.0,1,0,1,0,1,0,1
249.33333333333337,3.0,30,0,0,0,0,0,2
141.14285714285714,7.0,2,0,0,0,1,0,1
185.46,5.0,1,0,1,0,1,0,1
1573.6,5.0,1,1,1,0,0,1,2
174.22000000000003,5.0,1,1,1,0,1,0,1
230.42,5.0,1,0,0,0,0,0,1
182.65000000000003,5.0,1,0,1,0,0,0,1
229.55999999999997,10.0,4,0,0,0,0,0,1
465.0,5.0,1,0,0,0,0,0,1
355.1583333333333,12.0,2,0,1,1,0,0,1
218.11,5.0,3,0,0,0,0,0,1
184.752,5.0,2,0,0,0,0,0,1
212.23250000000007,12.0,1,0,0,0,0,0,1
238.49538461538455,13.0,1,1,0,0,0,0,1
252.2183333333333,9.0,1,1,0,0,1,1,1
174.83684210526314,19.0,1,1,1,0,0,0,0
198.98666666666668,6.0,2,1,1,0,0,1,1
202.048,5.0,1,1,0,0,0,1,1
192.72727272727272,11.0,1,1,0,1,0,0,1
122.19999999999996,6.0,1,0,0,0,0,0,1
201.431,5.0,3,0,0,0,0,0,1
416.07142857142856,7.0,1,1,1,0,0,1,1
374.0,7.0,1,0,1,0,1,0,1
148.828,5.0,1,0,0,0,0,0,1
147.05882352941177,35.0,1,1,0,0,0,0,0
196.25,8.0,1,0,0,0,0,0,1
235.2166666666666,6.0,1,1,0,0,0,0,1
583.3333333333334,6.0,1,0,0,0,1,0,1
192.30769230769232,13.0,1,0,1,1,1,0,1
445.28302,6.0,1,0,1,0,0,0,1
154.61538461538458,13.0,1,0,1,1,0,0,1
230.9887676470588,17.0,2,1,1,0,1,1,1
318.75,4.0,1,0,1,1,1,0,1
57.6923076923077,26.0,1,0,1,1,0,0,0
350.0,6.0,1,1,0,0,1,0,1
600.0,6.0,1,0,1,0,0,0,1
379.38171428571434,7.0,1,1,0,0,0,0,1
100.0,30.0,1,1,1,0,1,1,0
433.3333333333333,6.0,3,1,0,0,0,1,1
772.7500000000001,5.0,2,0,0,1,0,0,2
182.35294117647055,17.0,1,0,0,1,0,0,1
216.80666666666664,10.0,2,1,0,0,0,1,1
199.8022222222222,9.0,3,0,1,0,1,0,1
69.20625,16.0,1,1,1,0,0,0,1
436.07266666666675,6.0,1,0,0,0,1,0,1
260.0,4.0,1,0,1,0,1,0,1
104.16666666666669,12.0,1,1,1,0,1,0,1
125.11578947368425,19.0,2,0,1,0,1,0,0
126.153328125,16.0,5,0,0,1,0,0,0
409.09090909090907,11.0,2,0,0,0,0,0,1
67.75227692307692,13.0,3,0,0,0,0,0,1
38.777142857142856,7.0,1,0,0,0,0,0,1
173.46,6.0,1,0,0,0,0,0,1
157.07236199999997,5.0,2,0,0,1,1,0,1
351.6,4.0,3,0,0,1,0,0,1
146.79659999999996,8.0,1,0,0,0,0,0,1
285.7142857142857,7.0,3,0,0,1,1,0,1
97.83050847457628,35.0,2,1,1,0,0,0,0
1666.6666666666667,6.0,4,1,0,0,1,0,2
434.6166666666666,3.0,3,0,0,0,0,0,1
145.00357142857143,21.0,1,1,0,0,1,1,0
532.2833333333333,3.0,3,0,0,0,0,0,1
119.11863636363636,22.0,20,0,1,1,1,0,0
240.0,5.0,1,1,1,0,0,1,1
533.0858571428571,7.0,1,1,1,0,1,0,1
730.0799999999999,5.0,1,1,0,0,1,0,2
163.8,7.0,1,0,1,0,1,0,1
137.34375,8.0,2,0,0,1,0,0,1
306.00971428571427,14.0,4,1,1,0,0,0,1
39.55916666666667,6.0,1,0,0,0,0,0,1
224.64,5.0,2,0,0,0,1,0,1
955.4,5.0,3,0,0,0,0,0,2
131.50750000000002,5.0,2,0,0,0,0,0,1
210.75000000000009,8.0,8,0,0,1,0,0,1
38.95681818181819,11.0,5,1,0,1,1,1,1
1687.4999999999998,8.0,5,1,1,0,0,0,2
185.2999999999999,16.0,3,0,1,0,0,0,1
160.375,4.0,10,0,0,0,0,0,1
506.44827,5.0,4,0,0,1,0,0,1
326.48533333333324,5.0,1,0,0,0,1,0,1
91.79999999999998,7.0,10,0,0,1,0,0,1
244.16666666666663,6.0,1,0,0,0,1,0,1
341.8333333333333,3.0,2,1,0,1,0,1,1
483.45,4.0,2,0,0,0,0,0,1
185.5666666666667,6.0,2,0,0,1,0,0,1
380.9,4.0,2,0,0,0,0,0,1
390.47619047619054,7.0,8,0,0,1,0,0,1
123.33333333333331,15.0,2,0,0,0,0,0,1
204.291935,6.0,2,0,0,0,0,0,1
142.30857142857144,21.0,3,1,0,0,0,0,0
123.48875,8.0,6,0,0,1,0,0,1
192.45,10.0,1,0,0,0,1,0,1
369.98333333333335,3.0,1,0,0,0,0,0,1
37.31000000000001,7.0,1,0,1,0,0,0,1
133.48488888888883,9.0,2,0,0,0,0,0,1
151.366125,8.0,1,0,0,0,0,0,1
189.675,4.0,1,0,0,0,0,0,1
22.0,6.0,6,0,0,1,0,0,1
654.3666666666667,6.0,3,0,0,0,0,0,2
125.69458875,8.0,2,0,0,1,0,0,1
200.0,5.0,2,0,0,1,0,0,1
235.05882352941177,17.0,2,0,0,0,0,0,1
417.525,4.0,3,0,1,0,0,0,1
180.6833333333333,6.0,4,0,0,1,0,0,1
586.0,3.0,3,0,0,0,0,0,1
87.4767,15.0,1,1,1,0,0,1,1
77.511,15.0,1,0,1,1,0,0,1
461.53846153846155,13.0,1,0,0,0,1,0,1
97.13788888888888,9.0,4,1,1,0,1,1,1
308.99999999999994,9.0,1,1,1,0,0,0,1
146.7966,5.0,2,0,0,1,0,0,1
141.66666666666666,24.0,2,1,1,1,0,0,0
45.996268,15.0,1,0,0,1,1,0,1
333.5799999999998,5.0,3,0,0,0,0,0,1
470.0,5.0,6,1,0,0,1,1,1
272.72727272727275,22.0,10,0,1,0,0,0,0
177.27272727272728,11.0,3,0,0,1,0,0,1
81.78667714285713,14.0,1,1,0,1,1,1,1
645.90504,5.0,9,0,0,0,0,0,2
300.0,8.0,15,0,1,0,0,0,2
44.70588235294118,34.0,1,1,0,0,0,1,0
431.570175,8.0,1,0,1,0,1,0,1
208.27785714285716,21.0,1,1,1,0,1,0,0
540.0,5.0,3,1,0,0,1,0,1
266.9100000000001,8.0,3,1,1,0,0,0,1
133.34814285714285,7.0,1,0,1,0,1,0,1
403.0,6.0,1,0,0,0,0,0,1
276.82499999999993,14.0,2,1,1,0,1,0,1
700.0,6.0,1,0,0,0,0,0,1
251.57142857142853,7.0,1,1,1,0,0,1,1
628.3333333333333,3.0,1,0,0,0,0,0,1
201.03571428571425,14.0,4,0,1,0,0,0,1
193.7361111111111,6.0,1,0,1,0,0,0,1
281.0000000000001,5.0,1,0,0,0,0,0,1
99.73333333333332,6.0,1,0,0,1,0,0,1
65.76576576576575,35.0,2,0,0,1,1,0,0
320.0,7.0,1,0,1,0,0,0,1
286.36363636363643,11.0,1,0,0,1,1,0,1
256.65000000000003,6.0,1,1,1,0,0,1,1
209.0909090909091,11.0,5,0,0,1,1,0,1
223.33333333333337,15.0,1,0,0,0,0,0,1
206.43271875,8.0,4,0,0,0,0,0,1
187.8571428571429,7.0,1,1,0,0,0,1,1
562.0000000000001,6.0,1,0,0,0,0,0,1
251.8181818181818,11.0,1,1,0,1,1,0,1
100.0,11.0,4,0,0,1,1,0,1
102.72727272727272,11.0,1,0,1,1,0,0,1
262.94,8.0,1,1,1,1,0,1,1
209.1568181818181,22.0,1,0,1,0,1,0,0
460.8857142857143,7.0,1,0,1,0,0,0,1
294.6666666666667,3.0,2,0,0,0,0,0,1
295.8,4.0,5,0,0,0,1,0,1
416.6666666666667,12.0,3,0,0,0,0,0,1
200.00000000000003,5.0,1,0,0,0,1,0,1
128.00000000000003,5.0,1,0,0,0,0,0,1
316.02759999999995,5.0,1,0,0,0,1,0,1
153.16666666666666,35.0,1,1,1,0,0,0,0
300.9090909090909,11.0,1,1,1,0,0,1,1
220.1949,5.0,1,0,0,0,0,0,1
264.23387999999994,5.0,1,0,0,0,0,0,1
90.86,15.0,1,0,0,1,1,0,1
278.91354,5.0,1,0,0,0,0,0,1
412.8654375,4.0,1,0,0,0,1,0,1
321.1175625,4.0,1,0,0,0,0,0,1
278.91354,5.0,1,0,0,0,0,0,1
418.37031,5.0,1,0,0,0,0,0,1
322.95252,5.0,1,0,0,0,0,0,1
308.27286,5.0,1,0,0,0,0,0,1
210.0,6.0,1,0,1,0,0,0,1
347.03499999999997,15.0,30,0,0,0,0,0,2
84.77333333333333,30.0,10,0,0,0,0,0,0
694.1999999999999,4.0,4,0,0,0,0,0,2
1029.6,5.0,15,0,0,0,0,0,2
280.8,5.0,5,0,0,0,0,0,1
175.5568181818182,22.0,1,1,1,0,0,1,0
212.16,5.0,1,0,0,0,1,0,1
100.53333333333336,18.0,3,0,0,0,0,0,0
129.8235294117647,17.0,1,1,1,0,1,1,1
353.12,5.0,3,1,0,0,1,0,1
144.40800000000004,10.0,1,1,1,0,1,0,1
221.0,4.0,1,0,0,0,0,0,1
313.9857142857143,7.0,1,0,0,0,0,0,1
472.6666666666667,6.0,3,0,0,0,0,0,1
170.16000000000005,5.0,3,0,0,1,1,0,1
61.29032258064517,31.0,3,1,1,0,0,0,0
281.24999999999994,16.0,3,0,0,1,0,0,1
366.6666666666667,9.0,1,1,1,0,1,1,1
387.5,8.0,1,1,1,0,1,1,1
200.0,14.0,1,1,1,0,1,1,1
585.7142857142857,7.0,1,0,1,0,1,0,1
169.20333333333332,15.0,1,0,1,0,0,0,1
226.81894166666663,6.0,1,0,0,0,0,0,1
45.086938709677426,31.0,1,0,0,1,0,0,0
316.3204700000001,5.0,1,0,0,0,0,0,1
63.053914285714285,21.0,1,0,0,1,0,0,0
250.11386,5.0,1,0,0,0,0,0,1
231.53333333333333,6.0,2,0,0,1,0,0,1
513.4,4.0,2,0,0,0,0,0,1
460.55,4.0,4,0,0,0,1,0,1
140.0,10.0,5,0,0,1,0,0,1
421.2,4.0,1,0,0,0,0,0,1
276.2499999999999,5.0,5,1,1,0,0,0,1
35.76315789473684,35.0,1,0,0,0,0,0,0
772.41045,15.0,1,0,0,1,1,0,2
250.83403846153848,13.0,1,1,1,0,1,0,1
427.60624999999993,8.0,1,0,1,0,1,0,1
310.5263157894737,19.0,1,1,1,0,0,1,0
181.9360256410256,13.0,1,1,1,1,1,0,1
116.01488372093024,35.0,1,1,1,0,1,0,0
89.09284555555556,9.0,1,0,1,1,0,0,1
161.11636363636364,11.0,1,0,1,0,0,0,1
71.18990322581475,31.0,2,0,0,0,0,0,0
359.6592592592592,9.0,1,1,1,0,1,1,1
152.37499999999997,8.0,4,0,0,0,1,0,1
106.9015625,16.0,1,0,0,1,1,0,1
555.4283333333333,6.0,1,1,0,0,0,1,1
411.84,5.0,3,0,0,0,0,0,1
337.1805555555556,12.0,1,1,1,0,1,0,1
218.4,5.0,1,1,1,0,1,1,1
231.53333333333336,4.0,2,0,0,0,1,0,1
471.4285714285714,7.0,3,0,0,0,1,0,1
130.5071428571429,7.0,2,0,0,1,0,0,1
110.73333333333332,15.0,3,0,0,0,0,0,1
90.53895384615385,13.0,10,0,1,1,0,0,0
130.9868,30.0,3,1,1,0,0,1,0
387.3974999999999,8.0,1,0,1,0,0,0,1
332.2,5.0,2,0,0,1,0,0,1
393.84,6.0,1,0,0,0,1,0,1
270.4800000000001,3.0,3,0,0,0,0,0,1
880.8333333333334,6.0,3,0,0,0,0,0,2
366.66666666666663,9.0,5,0,0,1,0,0,1
264.34285714285716,7.0,1,1,0,0,1,1,1
369.4959377142856,7.0,6,0,0,0,1,0,1
335.8333333333333,6.0,1,1,1,0,0,0,1
22.0,6.0,1,1,0,0,0,1,1
196.77333333333328,15.0,3,0,1,0,0,0,1
231.22365,10.0,1,0,0,0,0,0,1
331.66,6.0,1,0,1,0,1,0,1
316.5665625,16.0,1,1,1,0,1,1,1
267.4887499999999,8.0,2,1,1,0,1,0,1
245.20966666666672,3.0,15,0,0,0,0,0,2
271.9371428571428,14.0,1,1,1,0,1,0,1
192.75000000000003,11.0,2,1,1,0,0,0,1
272.58000000000004,5.0,1,1,1,0,0,1,1
241.50000000000009,8.0,1,1,1,0,1,1,1
427.87500000000006,8.0,1,1,0,0,0,0,1
240.00000000000009,5.0,1,1,1,0,1,0,1
77.41935483870968,31.0,2,1,0,1,1,0,0
137.5,16.0,1,0,0,1,0,0,1
1066.05,6.0,2,0,0,0,1,0,2
590.9090909090909,11.0,1,0,1,0,0,0,1
334.1672727272727,11.0,8,0,1,1,1,0,1
442.8175384615385,13.0,2,1,1,0,0,0,1
701.6186666666667,9.0,1,0,1,0,1,0,1
382.5000000000001,10.0,1,1,1,0,0,0,1
266.455,4.0,9,0,0,0,0,0,1
106.35,20.0,5,0,0,1,0,0,0
284.3723076923077,13.0,1,1,1,0,1,0,1
320.00000000000006,5.0,1,0,0,0,0,0,1
331.0330500000001,4.0,1,0,1,0,0,0,1
422.2222222222223,9.0,1,1,0,0,1,1,1
308.4,5.0,1,1,1,0,0,1,1
300.0,10.0,1,1,1,0,1,0,1
188.06250000000003,8.0,2,0,1,0,0,0,1
144.81923076923073,13.0,1,1,0,1,0,1,1
309.59666666666675,3.0,6,0,0,0,0,0,1
408.295,10.0,12,0,0,0,0,0,2
251.114,5.0,1,1,0,0,1,0,1
110.34435,7.0,1,0,1,0,0,0,1
603.3333333333334,3.0,1,0,0,0,1,0,1
125.27272727272728,11.0,1,0,0,1,0,0,1
394.1071428571428,7.0,1,1,1,0,0,0,1
275.875,6.0,2,0,0,0,0,0,1
67.55776530612246,7.0,1,1,1,0,1,1,1
1000.0,3.0,3,0,0,0,1,0,2
443.0700000000001,4.0,1,1,1,0,1,1,1
194.73866666666663,3.0,1,0,0,0,0,0,1
459.66000000000014,7.0,1,1,1,0,0,0,1
334.88,5.0,6,0,0,0,0,0,1
206.08,5.0,5,0,0,0,0,0,1
147.82608695652175,23.0,20,0,1,1,1,0,0
676.4083333333333,6.0,1,1,1,0,1,1,1
150.0,11.0,1,0,0,0,1,0,1
192.8571428571429,14.0,3,1,0,0,0,1,1
136.00000000000003,6.0,8,0,0,1,0,0,1
202.9225,8.0,1,0,1,0,1,0,1
120.0,11.0,3,0,0,1,1,0,1
233.33333333333337,12.0,2,1,1,0,0,0,1
81.02857142857144,21.0,5,0,1,1,0,0,0
1550.0,10.0,1,0,1,0,0,0,2
172.19000000000003,9.0,2,1,0,0,1,1,1
396.92870833333336,12.0,2,0,0,0,0,0,1
349.9764705882353,17.0,1,1,0,0,1,0,1
268.95,14.0,1,1,1,0,1,1,1
324.044,15.0,1,1,0,0,1,1,1
221.37,8.0,2,0,0,1,1,0,1
362.4000000000001,5.0,2,0,1,0,1,0,1
369.99999999999994,5.0,2,0,1,0,1,0,1
617.99125,8.0,3,0,0,0,0,0,1
57.60625,8.0,1,0,0,1,0,0,1
315.2000000000001,5.0,2,0,1,0,1,0,1
352.0,5.0,2,1,0,0,1,1,1
309.0909090909091,11.0,4,1,1,0,0,1,1
303.0,5.0,1,1,0,0,1,0,1
160.0,15.0,5,1,0,1,0,0,1
245.78375000000003,8.0,2,0,0,0,0,0,1
85.55000000000001,6.0,1,0,1,0,1,0,1
228.07818181818183,11.0,5,0,0,1,0,0,1
331.875,4.0,1,0,0,0,0,0,1
95.3173846153846,13.0,1,1,0,0,1,0,1
500.0,7.0,1,0,1,0,1,0,1
266.6666666666667,15.0,4,0,0,0,0,0,1
430.0,10.0,1,1,1,0,1,0,1
56.160923655914,31.0,1,1,0,0,0,0,0
80.0,10.0,1,0,0,0,0,0,1
210.8911111111111,9.0,1,1,1,0,0,0,1
399.99999999999994,8.0,1,1,0,0,1,1,1
114.59423076923076,26.0,2,0,1,1,0,0,0
76.08695652173913,35.0,3,0,1,0,0,0,0
134.52535714285713,14.0,1,0,1,0,0,0,1
406.98,10.0,1,0,1,0,0,0,1
1687.4999999999998,4.0,10,0,0,0,0,0,2
572.794875,4.0,3,0,0,0,1,0,1
184.16666666666663,6.0,1,1,1,0,1,0,1
367.8145,5.0,1,0,1,0,0,0,1
44.13774,5.0,1,1,0,0,0,0,1
361.571,5.0,1,1,1,0,1,0,1
487.5,8.0,1,0,0,0,0,0,1
571.4285714285716,7.0,3,0,0,0,1,0,1
22.0,5.0,2,0,0,1,0,0,1
265.5666666666666,9.0,2,0,0,0,1,0,1
749.9999999999999,8.0,1,0,1,0,0,0,2
410.76,8.0,1,0,0,0,0,0,1
172.49999999999994,10.0,1,0,0,1,1,0,1
239.7,4.0,1,1,1,0,1,0,1
60.72000000000001,7.0,5,0,0,0,0,0,1
203.05714285714296,7.0,1,1,0,0,0,1,1
354.65999999999997,5.0,1,1,1,0,1,1,1
231.29999999999987,6.0,1,1,1,0,1,0,1
323.82000000000005,5.0,1,1,1,0,0,1,1
320.00000000000006,5.0,1,1,0,0,0,1,1
81.16900000000003,30.0,5,0,1,1,0,0,0
126.42857142857144,7.0,1,0,0,0,1,0,1
787.0933333333335,15.0,7,0,0,1,1,0,2
167.70454545454547,11.0,1,0,0,0,0,0,1
911.5714285714286,7.0,1,0,0,0,0,0,2
22.0,5.0,1,1,1,0,0,0,1
163.97777777777776,9.0,1,0,1,0,0,0,1
343.75,4.0,2,0,0,0,0,0,1
191.1831818181818,11.0,3,0,1,0,0,0,1
83.85227272727273,33.0,1,1,1,0,0,0,0
193.69874999999996,8.0,1,0,0,1,0,0,1
187.25823529411764,17.0,1,1,1,0,0,0,1
302.8038461538462,13.0,3,1,1,1,1,0,1
214.28571428571425,7.0,1,1,0,0,1,0,1
293.40000000000015,7.0,1,1,0,0,1,0,1
415.9072727272725,11.0,1,1,1,0,1,0,1
380.64,5.0,1,0,0,0,0,0,1
90.75200000000002,10.0,5,0,0,0,0,0,1
319.05,3.0,5,1,1,0,0,0,1
420.0825,4.0,2,0,0,0,0,0,1
96.6,4.0,1,1,0,0,0,1,1
111.86944444444444,9.0,1,0,1,0,1,0,1
300.768,5.0,1,0,0,0,0,0,1
22.0,4.0,1,0,0,0,0,0,1
222.5277725,8.0,1,1,1,0,0,1,1
198.6198300000001,6.0,1,1,1,0,1,1,1
282.48153600000006,5.0,1,1,1,0,0,0,1
207.20216833333336,6.0,1,1,1,0,1,1,1
33.39161290322581,31.0,5,0,0,1,0,0,0
184.86,4.0,1,0,0,0,0,0,1
195.46713428571437,7.0,3,1,1,0,0,0,1
209.65426500000004,6.0,1,1,1,0,0,0,1
159.38628333333335,9.0,1,1,1,0,0,1,1
522.2965900000003,2.0,1,0,0,0,0,0,1
278.4881214285715,7.0,1,1,1,0,1,0,1
267.9791357142857,7.0,1,1,0,0,1,1,1
213.33241,6.0,1,1,1,0,1,1,1
131.75,4.0,1,0,0,0,0,0,1
306.5120833333333,6.0,1,1,1,0,0,1,1
126.85,6.0,4,0,0,0,0,0,1
203.12849999999997,4.0,1,0,0,0,0,0,1
181.14864125,4.0,1,0,1,0,0,0,1
461.1875,8.0,1,1,0,0,0,0,1
318.1595425,4.0,1,1,0,0,1,0,1
205.05658375,4.0,1,0,0,0,0,0,1
171.38500000000002,4.0,1,0,1,0,0,0,1
184.08,5.0,1,1,1,0,1,1,1
187.995,4.0,1,0,0,0,1,0,1
185.00000000000003,4.0,1,1,1,0,0,1,1
92.0,10.0,1,0,0,0,0,0,1
187.21758050000005,4.0,1,0,0,0,0,0,1
191.26354000000003,4.0,1,0,0,0,1,0,1
262.40250000000003,4.0,1,0,0,0,0,0,1
80.07142857142857,21.0,4,0,0,0,0,0,0
325.0,4.0,1,1,0,0,1,0,1
157.14285714285714,14.0,2,1,1,0,1,0,1
30.58823529411765,34.0,1,1,1,1,0,0,0
342.5,4.0,1,0,0,0,1,0,1
216.68499999999997,4.0,1,0,0,0,1,0,1
237.11999999999995,4.0,1,0,0,0,0,0,1
217.386,4.0,1,0,0,0,0,0,1
430.0,8.0,1,0,1,0,1,0,1
199.53936625,4.0,1,1,0,0,0,1,1
182.06817749999996,4.0,1,0,0,0,0,0,1
234.29783650000007,4.0,1,0,0,0,0,0,1
297.43932566666666,3.0,1,0,0,0,0,0,1
101.75258064516127,31.0,1,0,1,1,0,0,0
212.36047619047616,21.0,2,1,1,0,1,1,0
105.95003703703703,27.0,5,1,0,1,0,0,0
90.47686363636362,35.0,4,1,0,1,1,0,0
402.5,7.0,5,1,1,0,1,0,1
503.4749999999999,4.0,3,0,0,0,0,0,1
301.63999999999993,9.0,5,0,0,0,0,0,1
833.3333333333334,9.0,1,0,0,0,1,0,2
287.96,5.0,1,0,0,0,1,0,1
143.63809523809522,14.0,1,0,1,0,1,0,1
536.55,4.0,2,0,0,1,0,0,1
188.52500000000003,14.0,1,0,1,0,0,0,1
275.0416666666667,6.0,2,0,0,0,1,0,1
795.1499999999997,7.0,1,1,1,0,1,0,2
453.125,8.0,1,0,0,0,1,0,1
199.99999999999997,7.0,1,0,0,0,0,0,1
148.7589705882353,17.0,6,0,0,0,0,0,0
340.0,5.0,1,0,1,0,0,0,1
216.9818181818182,11.0,3,0,0,0,1,0,1
125.4,5.0,1,0,0,1,0,0,1
453.3333333333333,15.0,2,1,0,0,1,0,1
203.9437499999999,8.0,8,0,0,0,0,0,1
123.8095238095238,14.0,1,1,0,0,0,0,1
43.51904761904762,21.0,10,0,0,1,0,0,0
132.29999999999998,8.0,2,0,0,1,0,0,1
133.63636363636363,11.0,2,0,0,1,0,0,1
408.33333333333326,6.0,1,1,0,0,1,0,1
136.5,7.0,6,0,0,1,1,0,1
156.5,8.0,7,0,0,0,0,0,1
293.74999999999994,8.0,1,0,0,0,0,0,1
202.08571428571423,7.0,5,0,0,0,0,0,1
385.80000000000007,4.0,4,1,1,0,0,0,1
257.2,5.0,6,0,0,0,0,0,1
157.14285714285714,14.0,1,0,1,0,0,0,1
209.37142857142857,7.0,1,1,1,0,0,0,1
489.4285714285714,7.0,4,0,0,0,0,0,1
181.19733333333332,9.0,1,0,1,0,0,0,1
116.712,20.0,1,1,0,0,0,1,0
105.7486111111111,18.0,1,1,1,0,0,1,0
45.45454545454545,11.0,3,0,0,1,0,0,1
157.1122222222222,9.0,1,1,1,0,0,1,1
93.73333333333332,6.0,3,0,0,0,0,0,1
238.0,10.0,1,1,0,0,0,1,1
312.32,5.0,1,1,1,0,1,1,1
527.25,4.0,2,0,1,0,0,0,1
52.877148387096774,31.0,1,0,0,0,0,0,0
203.62628571428573,7.0,3,0,0,0,1,0,1
400.00000000000006,4.0,4,0,0,0,0,0,1
389.99999999999994,4.0,1,0,1,0,0,0,1
480.0000000000001,4.0,5,0,0,0,0,0,1
319.76,5.0,1,0,0,0,0,0,1
356.34599999999995,4.0,1,0,0,0,0,0,1
185.65312500000005,4.0,1,1,0,0,0,1,1
391.9806,4.0,1,0,0,0,0,0,1
186.73199999999997,10.0,1,0,1,0,0,0,1
285.0768,4.0,1,0,0,0,0,0,1
384.75,6.0,1,1,1,0,0,1,1
303.6459999999999,7.0,1,1,1,0,0,1,1
170.4545454545454,11.0,2,1,0,1,0,0,1
399.99999999999994,6.0,1,0,0,0,0,0,1
171.1125888888889,9.0,1,1,1,0,1,1,1
34.91384615384615,13.0,1,1,1,0,1,1,1
360.6428571428572,14.0,1,0,0,0,0,0,1
450.6185714285713,14.0,2,0,1,0,1,0,1
222.97849999999988,11.0,2,0,0,0,1,0,1
1687.4999999999998,4.0,4,0,1,0,1,0,2
134.94278125,16.0,1,0,1,0,1,0,1
185.0,10.0,2,0,0,1,0,0,1
219.9163885714286,7.0,1,1,1,0,1,1,1
417.9500000000001,4.0,2,1,0,0,0,1,1
318.33576,6.0,2,1,1,0,1,0,1
180.04000000000002,5.0,2,0,0,0,0,0,1
466.1571428571429,7.0,1,1,0,1,0,0,1
200.616,5.0,2,0,0,0,0,0,1
337.5,8.0,1,0,1,0,0,0,1
1311.7199999999998,5.0,5,0,1,0,0,0,2
273.495555,8.0,1,0,0,0,1,0,1
305.03217600000005,5.0,1,1,1,0,1,1,1
243.52,5.0,1,1,0,0,0,1,1
198.02999999999997,6.0,1,0,1,0,1,0,1
1333.3333333333333,3.0,2,0,1,0,1,0,2
243.5031,6.0,1,1,0,0,1,1,1
285.5,6.0,1,0,0,0,1,0,1
196.04333333333332,12.0,1,1,1,0,1,0,1
184.6153846153846,26.0,1,1,0,0,1,1,0
362.0,5.0,1,0,1,0,1,0,1
50.0,1.0,1,0,0,0,0,0,1
278.30249999999984,8.0,4,1,0,1,0,1,1
260.091,7.0,8,0,1,1,1,0,1
260.8333333333333,12.0,2,0,1,0,0,0,1
186.36363636363637,11.0,1,0,0,1,1,0,1
574.5600000000001,5.0,3,1,0,0,0,1,1
1000.0,8.0,1,1,1,0,1,0,2
857.1428571428571,7.0,2,1,0,0,1,1,2
333.3333333333333,6.0,2,0,0,0,1,0,1
856.25,4.0,1,0,0,0,0,0,2
80.845,20.0,6,0,0,0,0,0,0
74.31714285714285,14.0,10,0,0,0,0,0,0
135.91333333333333,30.0,15,0,0,1,0,0,0
96.2,35.0,10,0,0,1,1,0,0
538.9666666666667,6.0,5,0,0,1,0,0,2
54.131000000000014,20.0,5,0,0,1,0,0,0
432.9833333333334,6.0,2,0,0,0,0,0,1
308.64,5.0,10,0,0,0,0,0,1
258.039,7.0,1,0,0,0,0,0,1
65.11627906976744,35.0,2,1,0,0,0,0,0
162.5,8.0,1,0,1,0,0,0,1
137.49999999999997,24.0,2,1,1,0,1,0,0
192.37500000000003,14.0,1,0,1,0,1,0,1
386.723076923077,13.0,1,1,0,0,0,0,1
148.52249999999998,11.0,1,0,0,0,1,0,1
352.14285714285717,14.0,1,1,1,0,0,0,1
162.5,12.0,1,0,0,0,1,0,1
297.35,5.0,3,1,1,0,0,0,1
313.0,4.0,1,1,1,0,1,0,1
597.5500000000001,4.0,1,0,0,0,0,0,1
177.85900000000004,4.0,1,0,0,0,0,0,1
92.5148,5.0,1,1,0,0,0,1,1
184.3266666666666,5.0,2,0,0,0,0,0,1
474.525,4.0,1,0,0,0,0,0,1
193.325,4.0,1,0,0,0,0,0,1
96.42857142857144,35.0,1,1,1,0,0,0,0
230.76923076923077,13.0,2,1,0,1,1,0,1
242.55,4.0,3,0,0,0,0,0,1
132.0,5.0,2,0,0,1,0,0,1
85.09090909090911,11.0,1,0,1,1,0,0,1
196.15384615384616,13.0,1,1,1,1,1,0,1
269.63514000000004,6.0,1,1,0,0,1,0,1
182.92428,6.0,2,0,0,0,1,0,1
146.25,8.0,3,0,0,1,0,0,1
345.8333333333333,4.0,1,1,0,0,1,0,1
473.94017999999994,4.0,1,1,0,0,1,0,1
312.5663485714286,7.0,1,1,1,0,1,0,1
286.09493142857144,7.0,1,1,1,0,1,1,1
351.00081,4.0,1,1,1,0,0,0,1
113.90285714285712,21.0,2,0,1,0,0,0,0
329.02613999999994,6.0,1,1,1,0,1,1,1
200.57189142857143,7.0,1,1,0,0,1,0,1
199.55376,7.0,1,1,0,0,0,0,1
234.66666666666663,6.0,2,1,1,0,1,0,1
229.21142857142857,7.0,2,1,1,0,0,1,1
238.82857142857145,7.0,3,0,0,0,0,0,1
369.6000000000001,3.0,10,0,0,0,0,0,2
139.33333333333337,6.0,1,0,0,0,0,0,1
235.4,3.0,20,0,0,0,0,0,2
143.20000000000002,5.0,1,0,0,0,0,0,1
237.860955,8.0,2,1,1,0,1,0,1
28.507679999999997,12.0,2,0,0,1,1,0,1
144.57142857142858,7.0,1,0,0,0,1,0,1
492.1,2.0,2,0,0,0,0,0,1
98.1818181818182,11.0,1,0,0,1,0,0,1
148.63636363636363,11.0,1,0,0,1,0,0,1
390.4166666666667,6.0,1,0,1,0,1,0,1
246.42857142857144,7.0,1,1,1,0,0,0,1
250.0,6.0,1,1,1,0,0,0,1
242.5,6.0,2,1,1,0,0,1,1
327.86749999999995,5.0,1,0,0,0,0,0,1
341.1422727272726,22.0,2,0,1,0,0,0,0
272.0,8.0,5,1,0,0,0,0,1
550.0,6.0,1,0,1,0,1,0,1
402.0,5.0,1,0,0,0,0,0,1
125.68333333333334,11.0,3,1,0,0,0,1,1
182.9313636363636,11.0,1,1,0,0,1,0,1
330.41,4.0,2,0,0,0,0,0,1
317.90000000000003,3.0,5,0,0,0,0,0,1
152.71971428571428,7.0,1,1,0,1,0,0,1
276.8571428571429,7.0,3,0,0,0,0,0,1
272.5,4.0,4,0,1,0,1,0,1
301.20000000000005,5.0,2,0,1,0,0,0,1
243.6000000000001,6.0,2,1,0,0,0,1,1
428.5714285714285,7.0,1,0,0,0,0,0,1
107.14285714285712,14.0,2,0,1,0,0,0,1
226.875,4.0,1,1,0,0,0,1,1
268.7142857142857,7.0,4,1,1,0,0,1,1
57.712500000000006,8.0,1,0,0,0,1,0,1
342.0,5.0,1,1,1,0,1,1,1
504.45,5.0,5,0,0,0,1,0,1
178.2,4.0,1,0,0,0,0,0,1
270.75,4.0,1,0,0,0,1,0,1
125.433792,5.0,1,0,1,0,0,0,1
217.96444444444444,18.0,1,0,0,0,1,0,0
250.0,8.0,1,0,0,0,1,0,1
1687.4999999999998,8.0,10,0,0,1,1,0,2
63.33333333333334,30.0,1,1,0,1,1,0,0
111.11111111111111,9.0,1,0,0,0,0,0,1
375.00000000000006,4.0,1,0,0,0,0,0,1
828.8999999999999,5.0,10,0,0,1,0,0,2
381.7818181818183,11.0,1,0,1,0,1,0,1
91.53333333333336,12.0,5,0,0,1,0,0,1
89.64285714285714,28.0,1,0,0,0,1,0,0
98.38709677419358,31.0,7,0,0,0,0,0,0
235.41,6.0,1,0,0,0,0,0,1
285.9125,4.0,3,0,0,0,1,0,1
616.8000000000001,6.0,3,0,0,0,0,0,1
278.75,8.0,2,0,1,0,1,0,1
466.27199999999993,6.0,1,1,0,0,0,1,1
224.87499999999997,4.0,8,0,0,0,0,0,1
64.97912500000001,8.0,1,0,1,0,1,0,1
314.2857142857143,7.0,1,0,0,0,1,0,1
173.83875,8.0,1,0,0,0,0,0,1
377.76666666666665,12.0,1,0,1,0,0,0,1
208.81249999999997,4.0,4,0,0,0,0,0,1
470.73333333333335,3.0,9,0,0,0,0,0,2
255.00000000000009,5.0,1,0,1,0,1,0,1
259.0399999999999,5.0,1,1,1,0,0,0,1
299.99999999999994,5.0,5,0,0,0,0,0,1
86.66666666666666,35.0,1,0,1,0,0,0,0
299.325,4.0,1,0,0,0,0,0,1
326.06666666666666,3.0,10,0,0,0,0,0,2
292.02,10.0,1,1,1,0,0,1,1
409.19999999999993,5.0,1,1,0,0,0,1,1
252.42857142857136,7.0,1,1,0,0,1,1,1
227.90512195121957,35.0,12,0,0,0,0,0,0
373.6666666666667,3.0,1,1,1,0,1,0,1
257.83000000000004,10.0,1,1,0,0,1,0,1
192.812,5.0,1,1,1,0,0,0,1
197.3812,5.0,2,0,0,0,1,0,1
218.3792,10.0,2,1,1,0,0,0,1
134.37653846153847,26.0,5,0,0,1,0,0,0
277.0,2.0,1,0,0,0,0,0,1
107.43976666666664,30.0,2,1,1,0,1,0,0
311.75,4.0,3,0,0,1,0,0,1
286.375,4.0,2,0,1,0,1,0,1
357.6666666666667,3.0,2,0,0,0,0,0,1
309.74999999999994,6.0,4,1,1,0,1,0,1
249.99999999999997,8.0,1,0,0,0,0,0,1
714.2857142857143,7.0,3,1,1,0,1,1,2
65.80645161290323,31.0,4,1,1,0,0,1,0
1666.666666666667,3.0,1,0,0,0,0,0,2
224.3474999999999,14.0,5,0,0,0,0,0,1
232.90625,4.0,1,0,0,0,0,0,1
242.8086,5.0,2,0,0,0,1,0,1
304.5,4.0,3,0,0,0,0,0,1
362.5,4.0,2,1,0,0,0,0,1
308.125,4.0,2,0,0,0,0,0,1
778.0333333333333,3.0,1,0,0,0,0,0,2
186.42857142857144,7.0,3,0,0,1,0,0,1
283.42125,8.0,2,0,1,0,0,0,1
743.4,4.0,3,0,1,0,1,0,2
466.64,5.0,5,0,0,0,0,0,1
130.0,30.0,2,0,1,0,0,0,0
732.25,4.0,5,0,0,0,0,0,2
337.70000000000005,4.0,10,0,0,0,0,0,2
261.0,5.0,3,0,0,1,0,0,1
81.59479166666664,24.0,1,0,0,0,0,0,0
156.00000000000003,5.0,1,1,0,0,1,0,1
615.2199999999999,3.0,4,0,1,0,1,0,2
383.0091428571429,7.0,1,1,1,0,0,1,1
172.83333333333334,6.0,1,1,1,0,0,0,1
785.7142857142857,7.0,1,0,1,0,1,0,2
93.0,26.0,2,0,1,0,0,0,0
428.5714285714286,7.0,1,0,1,0,0,0,1
195.0,6.0,1,0,0,0,1,0,1
150.0,6.0,1,0,0,0,1,0,1
129.1818181818182,11.0,4,0,0,1,0,0,1
85.196,5.0,2,0,1,0,0,0,1
220.99714285714285,7.0,5,1,0,0,1,0,1
400.0,5.0,2,0,0,1,0,0,1
816.6666666666666,3.0,3,0,0,0,1,0,2
316.4000000000001,2.0,3,0,0,0,0,0,1
277.77777777777777,18.0,3,1,1,0,0,1,0
316.6883999999999,5.0,1,1,1,0,1,1,1
305.0,10.0,1,0,0,0,0,0,1
161.0526315789473,19.0,10,0,0,1,0,0,0
215.0,6.0,2,0,0,1,0,0,1
205.95,5.0,4,0,0,0,1,0,1
131.8181818181818,11.0,2,0,0,1,0,0,1
616.81625,8.0,1,1,0,0,0,1,1
114.8328125,16.0,1,0,0,0,1,0,1
229.99999999999997,6.0,1,0,0,1,1,0,1
268.3077777777778,9.0,1,0,1,0,1,0,1
102.74999999999996,8.0,1,0,0,1,0,0,1
54.25806451612903,31.0,5,0,0,1,0,0,0
96.11,20.0,10,0,0,1,0,0,0
348.0,5.0,5,0,0,1,0,0,1
311.6666666666667,6.0,1,0,1,0,1,0,1
435.0,4.0,7,0,0,0,0,0,1
280.62666666666655,9.0,1,0,1,0,1,0,1
276.75,8.0,10,0,0,1,0,0,1
87.34474999999999,8.0,1,0,1,0,0,0,1
140.34285714285716,7.0,1,0,0,0,0,0,1
182.1428571428571,7.0,2,1,1,0,0,1,1
168.85,6.0,1,0,0,0,1,0,1
950.0,6.0,5,0,0,0,0,0,2
107.27272727272728,11.0,1,0,1,0,1,0,1
79.72258064516129,31.0,1,0,0,1,0,0,0
589.7696,5.0,1,0,0,0,0,0,1
130.05535454545455,11.0,2,0,1,0,0,0,1
257.4,5.0,1,1,1,0,0,1,1
79.40431818181818,11.0,3,0,1,1,1,0,1
222.73333333333335,6.0,3,0,0,0,0,0,1
479.7333333333333,5.0,6,0,0,0,0,0,1
106.815,20.0,1,1,1,0,1,1,0
207.25714285714284,7.0,1,1,1,0,1,0,1
500.0,7.0,4,1,1,0,0,0,1
291.25,8.0,1,0,1,0,1,0,1
474.2857142857143,7.0,1,0,1,0,0,0,1
191.648,35.0,4,0,0,0,0,0,0
50.18352909090907,33.0,1,0,1,0,0,0,0
339.375,8.0,1,0,1,0,0,0,1
323.7,5.0,1,1,1,0,0,0,1
351.0,5.0,1,1,1,0,0,1,1
454.9566666666669,3.0,1,0,0,0,0,0,1
47.0,30.0,3,0,0,1,0,0,0
63.84450000000002,20.0,6,0,0,0,0,0,0
225.45454545454547,11.0,2,0,0,1,0,0,1
144.05,5.0,5,0,0,1,0,0,1
286.26,5.0,1,1,1,0,0,1,1
66.66666666666667,3.0,1,0,1,0,1,0,1
405.1666666666667,6.0,1,0,0,0,0,0,1
283.33333333333337,6.0,4,0,0,0,0,0,1
812.5,8.0,1,1,1,0,1,0,2
230.59014,4.0,1,0,0,0,0,0,1
302.05999999999995,5.0,3,0,0,0,0,0,1
357.3333333333334,3.0,2,1,0,0,1,0,1
177.86249999999998,8.0,3,0,0,1,0,0,1
411.9,10.0,2,0,0,0,0,0,1
246.75,6.0,1,1,1,0,0,0,1
1687.4999999999998,8.0,1,0,0,0,1,0,2
612.5000000000001,8.0,1,0,1,1,0,0,1
302.6425,8.0,1,1,1,0,0,1,1
245.45454545454547,11.0,1,0,0,1,0,0,1
203.5314285714285,7.0,2,0,0,1,0,0,1
191.52,15.0,2,0,0,0,0,0,1
328.41625999999997,5.0,1,0,0,0,0,0,1
244.5653,5.0,1,0,0,0,0,0,1
265.52804,5.0,1,0,0,0,0,0,1
195.65224,10.0,1,0,0,0,0,0,1
314.44109999999995,5.0,3,0,0,0,0,0,1
321.42868,5.0,1,0,0,0,0,0,1
150.86820454545452,11.0,5,0,0,1,0,0,1
258.54046,5.0,1,1,1,0,0,0,1
269.720588,5.0,1,1,0,0,1,0,1
252.71747666666667,6.0,1,1,1,0,1,0,1
244.56529999999992,5.0,1,1,0,0,0,0,1
330.7454533333333,3.0,1,0,0,0,1,0,1
289.285812,5.0,1,1,0,0,1,1,1
391.30448,3.0,2,1,0,0,1,0,1
288.23767499999997,4.0,1,0,0,0,1,0,1
209.6274,6.0,1,1,1,0,1,1,1
331.91005,6.0,1,1,0,0,1,0,1
317.43577714285715,7.0,1,1,0,0,1,0,1
321.42868,6.0,1,1,0,0,1,0,1
232.49999999999991,7.0,1,1,0,0,1,1,1
256.54400857142855,7.0,1,1,1,0,0,0,1
314.99999999999994,7.0,1,0,1,0,0,0,1
252.71747666666667,6.0,1,1,0,0,0,1,1
207.63094857142855,7.0,1,1,0,0,0,0,1
76.19047619047618,14.0,1,0,0,1,1,0,1
298.1367466666666,6.0,1,1,0,0,1,0,1
316.4888888888888,9.0,1,0,1,0,1,0,1
291.41999999999985,11.0,1,1,1,0,0,1,1
453.3200000000001,5.0,1,0,1,0,1,0,1
138.46666666666667,3.0,3,0,0,1,0,0,1
465.7142857142857,7.0,3,0,0,1,0,0,1
130.667746,5.0,2,0,0,1,1,0,1
214.9,5.0,1,1,1,0,0,0,1
377.57499999999993,2.0,2,0,0,0,0,0,1
236.84249999999997,4.0,1,0,0,0,0,0,1
208.69599999999997,5.0,1,0,0,0,0,0,1
127.689,5.0,2,0,0,0,0,0,1
