contentId,title,AC010100,AC020100,AC020200,AC030100,AC030200,AC030300,AC030400,AC040100,AC050100,AC050200,AC050300,AC050400,AC060100,AC060200,C01120001,C01130001,C01140001,C01150001,C01160001,C01170001,EV010100,EV010200,EV010300,EV010400,EV010500,EV010600,EV020100,EV020200,EV020300,EV020500,EV020600,EV020700,EV020800,EV020900,EV021000,EV030100,EV030200,EV030300,EV030400,EX010100,EX020300,EX020400,EX030100,EX030200,EX030300,EX030400,EX040200,EX050100,EX050200,EX050300,EX050400,EX050500,EX050600,EX050700,EX060200,EX060600,EX060800,EX060900,EX061000,EX070100,EX070200,FD010100,FD010200,FD020100,FD020200,FD020300,FD020400,FD020500,FD030100,FD030200,FD030300,FD030400,FD030500,FD030600,FD040100,FD040200,FD040400,FD040500,FD050100,FD050200,FD050300,HS010100,HS010200,HS010300,HS010400,HS010500,HS010600,HS010700,HS010800,HS010900,HS011000,HS011100,HS011200,HS020100,HS020200,HS020300,HS020400,HS030100,HS030200,HS030300,HS030400,HS040100,HS040200,HS040400,LS010100,LS010200,LS010300,LS010400,LS010500,LS010600,LS010700,LS010800,LS010900,LS011000,LS011200,LS011300,LS011500,LS011600,LS011700,LS011800,LS011900,LS020100,LS020200,LS020300,LS020400,LS020500,LS020600,LS020700,LS020800,LS021100,LS021300,LS021400,LS030100,LS030200,LS030300,LS030400,LS030500,LS030600,LS040100,NA010100,NA010200,NA010300,NA010400,NA010500,NA020100,NA020200,NA020300,NA020400,NA020500,NA020600,NA020700,NA020800,NA020900,NA030100,NA030200,NA030300,NA030400,NA030500,NA040100,NA040200,NA040300,NA040400,NA040500,NA040600,NA040700,NA050100,SH010100,SH020100,SH020200,SH030100,SH040100,SH040200,SH040300,SH050100,SH050200,SH050300,SH060100,SH060200,SH070100,VE010100,VE010200,VE010300,VE010400,VE010500,VE010600,VE010700,VE010800,VE010900,VE020100,VE020200,VE020300,VE020400,VE020500,VE030100,VE030200,VE030300,VE030400,VE030500,VE040100,VE040200,VE040300,VE050100,VE050200,VE060100,VE060200,VE070100,VE070200,VE070300,VE070400,VE070500,VE070600,VE090100,VE090200,VE090300,VE090400,VE090600,VE100100,VE100200,VE120100,VE120200,VE120300
2994116,가곡유황온천&스파,0,0,0,0,0,0,0,0,3,0,1,0,0,0,0,0,0,0,0,0,0,0,0,0,0,0,0,0,0,0,0,0,0,0,0,0,0,0,0,0,0,0,1,0,0,0,0,1,0,0,0,0,0,0,0,0,0,0,0,0,1,0,0,0,0,0,0,0,0,0,0,0,0,0,0,0,0,0,0,0,0,0,0,0,0,0,0,0,0,1,0,0,0,0,0,0,0,0,0,0,0,0,0,0,0,0,0,0,0,0,0,0,0,0,0,0,0,0,0,0,1,0,0,0,0,0,0,0,0,0,0,0,0,0,0,0,0,0,0,0,0,0,1,0,0,0,0,0,0,0,0,0,0,0,0,0,0,0,0,0,0,0,0,0,0,0,0,0,0,0,0,0,0,0,0,0,0,0,0,0,0,0,0,0,0,0,0,0,0,0,0,0,0,0,0,0,0,0,0,0,0,0,0,0,0,0,0,0,0,0,0,0,0,0,0,0,0,0,0,0,0
127956,가조 백두산천지온천,0,0,0,0,0,0,0,1,0,0,0,0,0,0,0,0,0,0,0,0,0,1,0,0,0,0,0,1,0,0,0,0,0,0,0,0,0,0,0,0,0,0,2,0,0,0,0,1,0,0,0,0,0,0,0,0,1,0,0,0,0,16,0,1,0,0,0,0,0,0,0,0,0,0,0,0,0,0,2,0,0,0,0,0,1,0,0,0,0,3,0,0,1,0,0,0,0,1,0,0,2,0,0,0,0,0,0,1,0,0,0,0,0,0,0,0,0,0,0,0,0,0,0,0,0,0,0,0,0,0,0,0,0,0,0,0,0,0,0,1,0,0,1,0,0,0,0,0,0,0,0,0,0,0,0,0,0,0,0,0,0,0,0,0,0,0,0,0,0,0,0,0,0,0,0,0,1,0,0,0,0,0,0,0,0,0,0,0,1,0,0,0,0,0,0,0,0,0,0,0,0,0,0,1,0,2,0,1,0,0,0,0,0,0,0,0,1,0,0,0,0
1624227,강동 해수온천,2,0,0,0,1,0,0,2,3,1,0,0,0,0,0,0,2,0,0,0,1,0,0,1,0,1,0,0,0,0,0,1,0,0,0,0,0,0,0,0,0,0,0,0,0,1,0,1,0,0,0,0,0,0,0,0,1,0,0,0,5,38,0,3,3,4,0,0,0,0,0,0,0,0,0,0,0,0,21,0,0,1,1,0,0,1,0,0,0,2,0,0,0,0,0,1,0,2,1,0,0,0,0,0,0,0,0,0,0,0,0,0,0,0,0,0,0,0,0,0,0,0,0,0,0,0,2,1,0,0,0,0,0,0,0,0,0,0,0,0,0,0,0,0,0,0,0,0,0,0,2,3,4,0,0,0,0,0,0,0,0,0,1,0,0,0,0,1,0,0,0,1,15,0,2,0,0,6,0,0,1,0,0,0,0,0,0,0,0,0,0,1,0,0,0,1,1,2,2,1,1,0,0,2,0,0,1,3,0,0,0,1,0,1,0,0,0,0,0,0,2
128961,강변스파랜드,143,2,1,4,10,0,0,27,4,0,0,0,3,74,7,2,3,7,0,2,0,66,3,12,4,51,5,3,0,3,0,4,1,5,1,7,13,1,67,2,0,4,0,0,0,0,0,5,2,1,0,4,0,0,1,2,2,0,13,0,35,848,1,84,113,217,45,9,12,13,2,26,1,1,2,0,0,0,246,6,3,5,4,4,5,1,3,3,13,1,0,4,9,7,0,0,0,26,11,1,2,0,0,0,2,2,0,0,0,0,1,0,9,2,2,6,0,0,0,0,17,3,1,2,2,1,0,13,0,1,0,0,0,0,0,0,1,0,2,5,1,0,1,0,3,0,0,0,1,0,0,0,0,0,1,0,2,0,0,1,0,0,8,1,7,3,7,16,2,0,0,3,1501,9,83,6,2,55,22,1,7,4,1,15,0,0,0,0,10,1,1,2,0,53,1,3,13,23,32,5,2,3,0,79,1,53,6,41,4,5,74,14,5,30,4,1,6,13,4,1,22
662637,강화해수랜드,9,0,0,0,0,0,0,1,12,1,1,0,0,0,0,0,1,2,0,0,0,1,0,1,0,1,0,0,0,0,0,0,0,0,0,0,0,0,0,0,0,1,1,0,1,0,0,1,0,0,0,0,0,0,0,0,1,0,0,0,2,71,0,3,7,5,0,0,0,0,0,1,0,0,0,0,0,0,34,0,0,0,9,1,0,1,0,0,0,1,0,0,0,1,0,0,0,2,1,0,1,0,0,0,1,0,0,0,0,0,0,0,0,0,0,0,0,0,0,0,4,0,0,0,0,5,3,0,0,0,0,0,0,0,0,0,0,0,0,1,0,0,1,0,0,0,0,0,1,0,2,0,1,0,2,0,0,0,0,0,0,0,0,0,0,0,0,0,0,0,0,0,4,0,2,1,1,2,0,0,0,1,0,0,0,0,0,0,1,0,1,1,0,1,0,0,1,1,0,0,0,0,0,1,0,3,1,1,0,0,3,0,0,1,0,0,0,0,1,0,0
127966,거제도해수보양온천,9,1,0,6,0,0,0,13,2,0,0,0,0,1,3,0,0,0,0,1,0,4,0,0,1,0,0,0,0,0,0,0,0,0,0,0,0,0,0,1,0,0,1,0,0,0,0,1,0,0,0,0,0,0,0,0,0,0,1,0,2,101,0,4,11,3,0,0,0,0,0,2,0,0,0,0,0,0,30,0,0,1,2,0,0,1,0,0,0,1,1,0,0,0,0,0,0,0,0,0,0,0,1,0,0,0,0,0,0,0,0,0,0,0,0,0,0,0,0,0,1,0,0,1,0,0,0,1,0,0,0,0,0,0,0,0,0,0,1,1,0,0,0,0,0,0,0,0,1,0,4,0,2,0,0,0,0,0,0,0,0,0,1,0,2,0,0,0,0,0,0,0,7,0,0,1,0,2,0,0,0,0,0,0,0,1,0,0,2,0,0,0,0,3,0,0,0,2,1,0,1,0,1,1,0,4,0,1,0,0,0,1,0,0,0,0,0,0,0,0,0
3038543,공주 환경성 건강 센터,2,0,0,4,10,0,0,2,2,1,0,0,0,0,1,0,0,0,0,0,0,5,1,2,0,2,0,0,0,0,0,0,0,0,0,0,0,0,4,1,0,0,0,0,0,0,0,1,0,0,0,0,1,0,0,0,0,0,0,0,1,28,0,7,0,2,0,0,1,0,0,0,0,0,0,0,0,0,13,0,0,1,1,0,1,0,0,1,1,2,0,0,5,3,0,0,0,2,2,0,0,0,0,0,0,0,0,0,0,0,0,0,0,0,0,0,0,0,0,0,0,0,0,0,0,0,0,0,0,0,0,0,0,1,0,0,0,0,0,0,0,0,0,0,1,0,0,0,0,0,0,0,0,0,0,0,0,0,0,0,0,0,3,1,0,0,0,0,0,0,0,0,1,0,2,0,0,1,1,0,0,0,0,0,0,0,0,0,1,0,0,0,1,4,0,0,0,1,1,1,0,1,0,1,0,6,1,3,0,0,2,0,0,0,0,0,0,1,2,0,0
2660941,국립김천치유의숲,0,0,0,0,0,0,0,0,0,0,0,0,0,0,0,0,0,0,0,0,0,0,0,0,0,0,0,0,0,0,0,0,0,0,0,0,0,0,0,0,0,0,0,0,0,0,0,0,0,0,0,0,0,0,0,0,0,0,0,0,0,0,0,0,0,0,0,0,0,0,0,0,0,0,0,0,0,0,0,0,0,0,0,0,0,0,0,0,0,0,0,0,0,0,0,0,0,0,0,0,1,0,0,0,0,0,0,0,0,0,0,0,0,0,0,0,0,0,0,0,0,0,0,0,0,0,0,0,0,0,0,0,0,0,0,0,0,0,0,0,0,0,0,0,0,0,0,0,0,0,0,0,0,0,0,0,0,0,0,0,0,0,0,0,0,0,0,0,0,0,0,0,0,0,0,0,0,0,0,0,0,0,0,0,0,0,0,0,0,0,0,0,0,0,0,0,0,0,0,0,0,0,0,0,0,0,0,0,0,0,0,0,0,0,0,0,0,0,0,0,0
2554069,국립대관령치유의숲,14,0,0,4,3,0,0,35,3,0,0,0,0,7,0,0,1,0,0,0,0,2,1,1,0,1,0,1,0,0,0,0,0,1,0,0,0,0,1,0,0,1,1,0,0,0,0,1,0,0,0,0,1,0,0,0,1,0,0,0,3,173,0,10,7,16,3,1,2,3,0,2,0,0,0,0,0,0,45,0,0,2,0,0,1,0,0,0,0,2,0,0,0,0,0,0,0,0,0,0,1,0,0,0,1,0,0,0,0,0,0,0,0,0,0,0,0,0,0,0,6,0,0,0,0,0,0,0,0,0,0,0,0,0,0,0,0,0,0,1,0,0,0,0,1,0,0,0,0,0,0,0,0,0,0,0,0,0,0,0,0,0,1,1,0,0,0,0,0,1,0,0,32,1,6,2,1,3,1,0,0,0,0,0,0,0,0,0,0,0,1,0,0,0,0,0,1,0,2,0,0,0,0,0,0,2,0,1,0,0,3,1,0,1,1,0,1,0,1,0,5
2555756,국립대운산치유의숲,0,0,0,0,0,0,0,0,1,0,1,0,0,0,1,0,0,0,0,0,1,0,0,0,0,0,0,0,0,0,0,0,0,0,0,0,0,1,0,0,0,1,0,0,0,0,0,2,0,0,0,0,0,0,0,0,0,0,1,0,1,8,0,1,0,0,0,0,0,0,0,0,0,0,0,0,0,0,3,0,0,0,0,0,0,0,0,0,0,0,0,0,0,0,0,0,0,2,0,0,0,0,0,0,0,0,0,1,0,0,0,0,0,0,0,0,0,0,0,0,0,1,0,0,0,0,0,0,0,0,0,0,0,0,0,0,0,0,0,0,0,0,1,0,0,0,0,0,0,0,1,0,2,0,0,0,0,0,0,0,0,0,0,0,0,0,0,0,1,0,0,0,89,0,0,0,1,1,0,0,0,0,0,0,0,0,0,0,0,0,0,0,0,0,1,0,0,0,0,1,0,0,0,0,0,2,1,0,0,0,0,1,0,0,0,0,0,0,0,0,0
2554095,국립양평치유의숲,1,0,0,1,1,0,0,0,3,0,0,0,0,0,0,0,0,0,0,0,0,1,0,0,0,2,0,0,0,0,0,0,0,0,0,0,0,0,0,0,0,0,3,0,0,0,0,0,1,0,0,0,0,0,0,0,0,0,0,0,0,2,0,1,0,0,0,0,0,0,0,0,0,0,0,0,0,0,0,0,0,0,0,0,0,0,0,0,0,0,0,0,1,0,0,0,0,0,0,0,0,0,0,0,0,0,0,0,0,0,0,0,0,0,0,0,0,0,0,0,0,0,0,0,0,0,0,0,0,0,0,0,0,0,0,0,0,0,0,0,0,0,0,0,1,0,0,0,0,0,0,0,0,0,0,0,0,0,0,0,0,0,0,0,0,0,0,0,0,0,0,0,0,0,0,0,0,0,0,0,0,0,0,0,0,0,0,0,0,0,0,0,0,0,0,0,0,0,0,0,0,0,0,0,0,0,0,1,0,0,1,0,0,0,0,0,0,0,0,0,0
127394,국립장성치유의숲,1,0,0,0,2,0,0,0,2,0,0,0,1,0,2,0,2,1,0,0,0,4,1,1,3,0,0,0,0,0,0,0,0,0,0,0,0,0,0,0,0,1,0,0,0,0,0,1,0,0,0,0,1,0,0,0,0,0,0,0,1,20,0,1,1,0,0,0,0,0,0,0,0,0,0,0,0,0,11,0,0,0,1,0,2,1,0,1,0,6,1,0,0,1,0,0,0,0,0,0,1,0,0,0,0,0,0,1,0,0,0,0,0,0,0,0,0,0,0,0,0,0,0,0,0,0,0,0,0,0,0,0,0,0,0,0,0,0,0,0,1,0,0,0,2,0,1,0,0,0,0,0,0,0,0,0,1,0,0,0,0,0,2,1,0,1,0,0,0,0,0,0,0,1,0,1,2,0,0,0,0,1,0,0,0,0,0,0,0,0,0,0,0,1,0,0,0,3,0,0,0,0,0,3,0,2,0,0,0,0,0,2,0,1,0,0,0,0,0,0,3
2718685,국립제천치유의숲,0,0,0,1,0,0,0,0,2,0,0,1,0,0,1,0,1,0,0,0,0,0,0,0,0,0,0,0,0,0,0,0,0,0,0,0,0,0,0,0,0,0,1,0,0,0,0,0,0,0,0,0,1,0,0,0,0,0,0,2,2,10,0,1,0,1,0,0,0,0,0,0,0,0,0,0,0,0,3,0,0,2,1,1,3,0,0,0,0,1,0,0,1,1,0,0,0,0,0,0,0,0,0,0,0,0,0,0,0,0,0,0,0,0,0,0,0,0,0,1,0,1,0,0,0,0,0,0,0,0,0,0,0,0,0,0,0,0,0,0,0,0,1,0,0,0,0,0,0,0,0,0,0,0,0,0,0,0,0,0,0,0,0,0,0,0,0,0,0,0,0,0,0,0,0,0,1,0,0,0,0,0,0,0,0,0,0,0,0,0,0,0,0,0,0,0,0,0,0,1,0,0,3,0,0,0,0,4,0,0,0,0,0,0,0,0,0,0,0,0,0
3034650,국화참숯불가마찜질,0,0,0,0,1,0,0,0,4,0,0,1,0,0,1,0,0,0,0,0,0,1,0,1,0,0,0,0,0,0,0,0,0,0,0,0,0,0,0,0,0,0,0,0,0,0,0,0,1,0,0,0,0,0,0,0,0,0,0,0,2,13,0,0,0,0,0,0,0,0,0,2,0,0,0,0,0,0,6,0,0,0,1,1,0,0,0,0,1,2,0,0,0,0,0,0,0,0,1,0,0,0,0,0,0,0,0,0,0,0,1,0,0,1,0,0,0,0,0,0,1,0,0,0,0,0,0,0,0,0,0,0,0,0,0,0,0,0,0,0,0,0,0,0,0,0,0,0,0,0,0,0,0,1,0,0,0,0,0,0,0,0,0,0,1,0,0,0,0,0,0,0,4,1,0,0,1,0,0,0,0,0,0,0,0,0,0,0,1,0,1,0,0,2,0,0,0,1,0,0,0,0,0,0,0,2,0,1,0,0,0,0,0,0,0,0,0,1,0,0,1
3010680,글로리비치해수찜,1,0,0,0,0,0,0,0,4,0,0,0,0,0,0,0,0,0,0,0,0,0,0,0,0,0,0,0,0,0,0,0,0,0,0,0,0,0,0,0,0,0,0,0,0,0,0,0,1,0,0,0,0,0,0,0,0,0,0,0,0,3,0,0,0,0,0,0,0,0,0,0,0,0,0,0,0,0,2,0,0,0,1,0,0,0,0,0,0,0,0,0,1,0,0,0,0,2,0,0,0,0,0,0,0,0,0,0,0,0,0,0,0,0,0,0,0,0,0,0,0,0,0,0,0,0,0,0,0,0,0,0,0,0,0,0,0,0,0,0,1,0,0,0,0,0,0,0,0,0,1,0,1,0,0,0,0,0,0,0,0,0,0,0,0,1,0,0,0,0,0,0,0,0,0,0,0,0,0,0,2,1,0,0,0,0,0,0,1,0,0,0,0,1,0,0,1,0,0,1,0,0,0,0,0,1,0,1,0,0,0,0,0,0,0,0,0,0,0,0,0
127850,금강온천,2,0,0,4,11,0,0,2,3,1,0,0,0,0,1,0,0,0,0,0,0,5,1,2,0,2,0,0,0,0,0,0,0,0,0,0,0,0,4,1,0,0,0,0,1,0,0,1,0,0,0,0,1,0,0,0,0,0,0,0,1,32,0,7,1,2,0,0,1,0,0,1,0,0,0,1,0,0,14,0,0,1,1,0,1,0,0,0,1,2,0,0,5,3,0,0,0,2,2,0,0,0,0,0,0,0,0,0,0,0,0,0,0,0,0,0,0,0,0,0,0,0,0,0,0,0,0,0,0,0,0,0,0,1,0,0,0,0,0,0,0,0,0,0,1,0,1,0,0,0,0,0,0,0,0,0,0,0,0,0,0,0,3,1,0,0,0,0,0,0,0,0,1,0,2,0,0,1,1,0,0,0,0,0,0,0,0,0,1,0,0,0,1,4,0,0,0,1,1,1,0,1,0,1,0,6,1,3,0,0,2,0,0,0,0,0,0,1,2,0,0
129185,금호리조트 화순아쿠아나,0,0,0,0,0,0,0,0,1,0,0,0,0,0,0,0,0,0,0,0,0,1,0,0,0,0,0,0,0,0,0,0,0,0,0,0,0,0,0,0,0,0,0,0,0,0,0,1,0,0,0,0,0,0,0,0,0,0,0,0,0,0,0,0,0,0,0,0,0,0,0,0,0,0,0,0,0,0,0,0,0,0,0,0,0,0,1,0,0,0,0,0,1,0,0,0,0,0,0,0,0,0,0,0,0,0,0,0,0,0,0,0,0,0,0,0,0,0,0,0,0,0,0,0,0,0,0,0,0,0,0,0,0,0,0,0,0,0,0,0,0,0,0,0,0,0,0,0,0,0,0,0,0,0,1,3,0,0,0,0,0,0,0,0,0,1,0,0,0,0,0,0,0,0,0,0,0,0,0,0,0,0,0,0,0,0,0,0,0,0,0,0,0,0,0,0,0,0,0,0,0,0,0,0,0,1,0,0,0,0,0,0,0,0,0,0,0,0,0,0,0
2702655,기린사우나,29,1,1,37,9,0,0,53,7,1,2,0,0,10,4,0,5,2,0,0,1,7,1,1,1,1,0,1,0,0,0,0,0,1,0,0,0,1,3,0,0,1,2,1,0,0,0,1,0,0,0,0,0,0,1,0,2,0,2,0,5,336,0,18,13,29,3,2,3,8,1,2,0,0,1,0,0,0,105,0,0,2,0,0,5,2,0,1,0,4,0,0,1,1,0,0,0,0,0,0,1,0,0,0,1,0,0,0,0,0,0,0,1,0,0,0,0,0,0,0,10,0,0,0,2,0,0,0,0,0,0,1,0,0,0,0,0,0,1,0,0,0,0,0,1,1,0,0,0,0,2,0,14,0,0,0,2,0,0,1,0,0,1,0,1,0,0,0,0,1,0,0,34,1,7,2,1,4,3,0,2,2,0,0,1,0,0,0,1,0,1,1,0,2,0,0,1,4,3,3,0,0,1,0,1,8,2,3,0,0,4,1,0,1,1,0,2,0,1,0,6
1921423,김해 롯데워터파크,3,0,0,1,1,0,0,1,0,0,0,0,0,0,4,0,2,3,0,0,1,1,0,0,0,3,0,0,0,0,0,0,0,0,0,0,1,2,0,0,0,0,0,0,1,0,0,2,0,0,0,0,0,0,0,0,0,1,3,0,6,39,0,2,4,6,0,1,1,1,0,0,0,0,0,0,0,0,29,0,0,0,1,0,0,0,2,0,4,3,0,0,3,3,0,2,0,4,0,0,0,0,0,0,0,0,0,0,0,0,1,0,0,0,0,0,0,0,0,0,1,0,0,0,0,0,1,0,0,0,0,0,0,0,0,0,0,0,0,1,0,1,2,0,0,0,1,0,0,0,1,0,0,0,0,0,0,0,0,0,0,0,2,1,0,1,0,0,1,0,0,0,124,0,1,0,0,8,0,0,1,0,0,0,0,0,0,0,1,0,0,0,0,10,0,0,3,1,4,1,0,0,0,1,0,7,2,2,0,0,1,1,0,1,0,0,0,0,0,0,0
2613450,깊은산속 옹달샘,0,0,0,2,0,0,0,0,3,0,0,0,0,0,2,0,1,0,0,1,0,0,0,0,0,0,0,0,0,0,0,0,0,0,0,0,0,0,0,1,0,0,0,0,1,0,0,0,0,0,1,0,0,0,0,0,1,0,0,1,0,8,0,1,0,0,0,0,0,0,0,0,0,0,0,0,0,0,1,0,0,0,0,0,0,0,0,0,0,1,1,0,0,3,0,2,0,1,0,0,0,0,0,0,0,0,0,1,1,0,0,0,0,0,0,0,0,0,0,0,1,0,0,0,0,1,0,0,0,2,0,0,0,0,0,0,0,0,0,1,0,0,0,0,0,1,0,0,0,0,0,0,0,0,0,0,0,0,0,0,0,0,0,2,0,0,0,0,0,0,0,0,0,0,0,0,0,0,0,0,0,0,0,0,0,0,0,0,0,0,0,0,1,1,0,0,0,1,0,0,0,0,0,0,0,1,0,1,0,0,0,0,0,0,0,0,0,0,0,0,0
127989,꽃마을 경주한방병원,19,0,0,13,54,0,0,7,4,3,0,0,3,8,6,3,1,1,0,0,0,1,0,2,1,1,2,0,0,0,0,0,0,1,0,1,0,0,3,1,0,0,0,0,0,0,0,1,0,3,0,0,1,0,0,0,1,0,0,0,7,126,1,6,4,12,0,0,3,2,0,3,0,1,0,0,0,0,45,1,0,1,3,0,0,1,1,5,27,4,1,0,13,2,0,7,1,5,0,0,0,0,0,0,0,1,1,3,0,0,1,0,0,1,1,0,2,0,0,0,0,0,0,0,0,0,0,0,0,0,0,0,0,0,0,0,0,0,0,1,3,0,0,0,0,2,0,1,0,0,0,0,0,0,0,0,0,1,1,0,0,0,1,0,3,2,0,0,0,0,0,0,4,1,1,0,0,2,2,1,0,0,0,0,0,0,0,1,8,2,1,0,0,2,0,0,1,4,5,1,0,2,5,1,0,8,1,5,1,0,3,1,0,2,0,1,0,3,0,0,2
523984,꽃마을 경주한방병원,19,0,0,13,54,0,0,7,4,3,0,0,3,8,6,3,1,1,0,0,0,1,0,2,1,1,2,0,0,0,0,0,0,1,0,1,0,0,3,1,0,0,0,0,0,0,0,1,0,3,0,0,1,0,0,0,1,0,0,0,7,126,1,6,4,12,0,0,3,2,0,3,0,1,0,0,0,0,45,1,0,1,3,0,0,1,1,5,27,4,1,0,13,2,0,7,1,5,0,0,0,0,0,0,0,1,1,3,0,0,1,0,0,1,1,0,2,0,0,0,0,0,0,0,0,0,0,0,0,0,0,0,0,0,0,0,0,0,0,1,3,0,0,0,0,2,0,1,0,0,0,0,0,0,0,0,0,1,1,0,0,0,1,0,3,2,0,0,0,0,0,0,4,1,1,0,0,2,2,1,0,0,0,0,0,0,0,1,8,2,1,0,0,2,0,0,1,4,5,1,0,2,5,1,0,8,1,5,1,0,3,1,0,2,0,1,0,3,0,0,2
127973,낙안온천,0,0,0,0,2,2,0,0,1,0,0,0,0,1,1,0,1,1,0,0,0,2,0,0,0,0,0,0,0,0,0,0,0,0,0,0,0,0,0,0,0,0,0,0,0,0,0,1,0,0,0,0,0,0,0,0,0,0,0,0,1,8,0,0,0,0,0,0,1,0,0,0,0,0,0,0,0,0,0,0,0,0,0,0,0,1,1,0,0,1,0,1,2,0,0,0,0,2,0,0,0,0,0,0,0,0,0,0,0,0,1,0,0,0,0,0,0,0,0,0,2,0,0,0,0,0,0,0,0,0,0,0,0,0,0,0,0,0,0,1,0,0,0,0,0,0,0,0,0,0,0,0,0,0,0,0,0,0,0,0,0,0,1,1,0,0,0,0,0,0,0,0,0,0,0,0,1,0,0,0,0,1,0,0,0,0,0,0,0,0,0,0,0,1,0,0,0,0,0,0,0,0,0,0,0,1,0,1,0,0,0,0,0,0,0,0,0,0,0,0,0
2755943,낙천탕,5,1,1,0,0,0,0,0,6,0,0,2,0,0,2,0,1,0,1,0,0,1,0,0,0,0,0,0,0,0,0,0,0,0,0,0,0,0,0,1,0,0,0,0,0,0,0,2,0,0,0,0,1,0,0,0,0,0,0,0,0,12,0,0,0,0,0,0,0,0,0,0,0,0,0,0,0,0,1,0,0,1,0,0,1,0,1,0,0,4,0,0,2,2,0,3,0,2,1,0,0,0,0,0,0,0,0,0,0,0,0,0,0,0,0,0,0,0,0,0,0,0,0,0,0,0,0,0,0,0,0,0,0,0,0,0,0,0,0,1,0,1,0,0,0,0,0,0,0,0,0,0,0,0,2,0,0,0,0,0,0,0,0,0,0,0,0,0,0,0,0,0,0,0,0,0,0,0,0,0,0,0,0,0,0,0,0,0,0,0,0,0,0,0,0,0,0,0,0,0,0,1,0,0,0,3,0,0,0,0,0,0,0,0,0,0,0,0,0,0,0
2757569,네이처스파,13,0,0,1,2,0,0,15,3,0,0,0,1,3,4,1,0,1,0,0,0,7,0,0,4,5,0,1,0,1,1,0,2,0,0,0,3,0,5,0,0,0,1,1,1,0,0,1,1,0,0,0,0,0,0,0,0,0,3,0,3,163,0,22,21,30,10,2,0,0,0,3,0,0,0,0,0,0,80,0,0,0,1,0,0,0,0,0,1,1,1,1,0,0,0,0,0,3,0,0,0,0,1,0,1,0,0,3,0,0,1,0,2,0,0,0,0,0,0,0,7,0,1,0,0,2,0,1,0,0,0,0,0,0,0,0,0,0,0,0,0,0,0,0,0,0,0,0,0,0,0,0,0,0,0,0,2,0,0,0,0,0,3,1,1,1,0,0,2,0,0,0,359,0,2,1,3,1,3,0,1,0,1,0,0,0,0,0,0,0,2,1,1,8,0,0,8,5,6,3,0,3,0,7,1,17,0,16,1,0,15,3,0,5,0,0,1,2,0,0,2
127949,능암온천랜드,0,2,0,3,0,0,0,0,5,0,0,0,0,0,3,0,1,0,0,1,0,1,0,0,0,0,0,0,0,0,0,0,0,0,0,0,0,0,0,1,0,0,0,0,1,0,0,3,0,0,0,0,0,0,0,0,0,0,0,1,0,14,0,0,0,0,0,0,0,0,0,0,0,0,0,0,0,0,0,0,0,0,0,0,0,0,0,0,2,0,0,0,2,2,0,2,0,0,1,0,0,0,0,0,0,0,0,2,0,0,2,0,0,0,0,0,0,0,0,0,1,0,0,0,0,1,0,0,0,2,0,0,0,0,0,0,0,0,0,0,0,0,0,0,1,1,0,0,0,0,0,0,0,0,0,0,0,0,0,0,0,0,1,1,2,1,0,0,0,0,0,0,0,0,0,0,2,0,0,0,0,0,0,0,0,0,0,0,0,0,0,0,0,1,0,0,0,1,1,1,0,0,0,0,0,2,0,1,0,1,2,0,0,0,0,0,0,0,0,0,0
127847,담양리조트 온천,1,0,0,2,0,0,0,2,7,2,0,0,0,0,1,1,0,0,1,0,2,1,0,0,0,1,0,0,0,0,0,0,0,0,0,0,1,0,4,1,0,0,0,0,0,0,0,1,0,0,0,0,0,0,0,0,0,0,0,0,1,37,0,1,2,3,1,0,1,0,0,0,0,0,1,0,0,0,19,0,0,0,1,0,0,0,1,0,0,2,0,0,2,1,0,3,0,3,0,0,0,0,0,0,0,1,0,1,0,0,0,0,0,0,0,0,0,0,0,0,1,0,0,0,0,0,0,0,0,0,0,0,0,1,0,0,0,0,0,1,0,0,0,0,0,1,0,0,0,0,0,0,0,1,0,0,0,0,0,0,0,0,1,0,2,2,0,0,0,0,0,0,0,1,0,0,3,1,0,0,0,0,0,0,0,0,0,0,2,0,0,0,0,0,0,0,0,0,4,0,0,2,1,0,0,3,1,4,0,0,2,2,0,0,0,0,0,0,0,0,0
2822328,대구약령시 한방의료체험타운,27,1,0,3,10,0,0,13,3,1,0,0,0,9,6,1,1,1,0,4,2,14,0,2,6,11,0,0,0,0,0,0,1,1,0,2,1,0,3,2,0,0,1,0,0,0,0,2,1,1,0,1,0,0,0,0,0,0,6,0,9,148,0,16,16,20,5,2,5,0,1,6,0,0,0,0,0,0,45,0,1,0,1,0,3,0,1,0,1,18,0,5,5,6,0,0,0,12,3,0,1,0,0,0,1,1,0,0,0,0,2,0,5,1,1,0,0,0,0,0,6,0,0,0,0,0,0,2,0,0,0,0,0,0,0,0,0,0,1,0,0,0,0,0,0,1,3,0,1,0,0,0,0,0,1,0,0,0,0,0,0,0,5,0,5,1,1,0,0,0,1,0,166,3,4,0,2,45,1,1,2,1,0,0,0,0,0,0,10,1,0,1,0,23,0,0,4,11,24,3,0,1,1,19,0,9,4,12,1,1,8,5,0,8,0,1,8,3,4,0,3
2715100,더 스파 앳 파라다이스,19,0,0,0,0,0,0,2,4,1,0,0,0,5,1,0,1,0,0,0,0,0,0,0,0,0,0,0,0,0,0,0,0,0,0,1,0,0,0,0,0,0,0,0,0,2,0,0,0,0,0,1,0,0,0,0,0,0,2,1,1,34,0,3,2,0,0,0,0,1,0,0,0,0,0,0,0,0,16,0,0,0,0,0,0,0,0,0,0,0,0,0,0,0,0,0,0,0,0,0,0,0,0,0,0,0,0,0,0,0,0,0,0,0,0,0,0,0,0,0,0,0,0,0,0,0,0,0,0,0,0,0,0,0,0,0,0,0,0,0,1,0,0,0,0,0,0,0,3,0,4,0,3,0,0,2,0,0,0,0,0,0,0,0,1,0,0,0,0,0,0,0,8,0,0,0,0,0,0,0,1,1,0,0,0,0,0,0,2,1,0,0,0,0,0,0,1,1,0,0,0,0,1,0,0,0,0,1,0,1,0,0,0,0,0,0,0,0,0,1,2
3346627,더 스파 하스타,19,1,0,0,1,0,0,24,4,0,0,0,0,0,2,2,3,2,0,1,3,13,0,3,0,7,0,1,0,0,1,3,2,0,0,4,2,1,6,1,0,0,1,0,0,0,0,0,0,0,0,1,0,0,0,0,0,0,1,4,6,177,1,36,17,21,8,1,0,3,0,4,0,0,1,2,1,0,37,0,0,1,2,1,0,0,1,0,0,2,0,10,2,0,0,0,1,4,2,0,0,0,0,0,1,1,0,4,0,0,1,0,1,1,1,1,0,0,0,0,6,0,0,0,0,0,2,1,0,0,1,0,0,0,0,0,0,0,0,1,0,0,0,0,0,0,0,0,0,0,8,1,1,0,0,0,0,0,0,0,0,0,1,1,0,0,1,1,2,0,0,0,246,1,6,0,0,24,0,1,5,2,0,0,0,0,0,1,2,0,3,0,0,17,0,0,8,10,12,3,0,1,0,10,1,14,3,17,2,0,3,2,0,6,2,0,5,6,0,0,5
2794931,더벨스파 동대문현대시티아울렛점,170,3,1,9,80,0,0,44,1,0,0,0,4,152,11,7,5,24,0,3,0,90,3,22,7,66,8,8,3,4,2,8,3,7,2,13,12,4,92,8,0,6,0,0,0,0,0,3,2,1,1,5,0,0,1,0,2,0,15,1,52,1004,1,113,157,259,51,17,16,13,4,30,1,2,2,0,0,0,307,11,3,13,6,11,9,3,4,2,10,2,1,16,21,15,0,0,1,39,18,1,3,0,0,2,1,2,0,0,0,0,0,0,6,2,2,4,0,1,0,0,24,3,1,2,1,0,0,12,0,0,0,1,0,0,0,0,0,0,1,8,2,1,3,0,4,0,0,0,1,0,0,0,0,0,2,1,1,0,1,1,0,0,4,0,6,6,8,18,1,0,0,4,1925,15,118,6,3,74,21,4,10,4,2,21,0,0,0,0,8,0,0,2,0,62,1,4,10,29,51,6,9,4,0,114,2,93,17,67,6,6,133,16,7,42,5,2,5,12,8,1,36
128811,더케이경주호텔 스파온천,19,0,0,14,49,0,0,7,6,3,0,2,3,8,5,2,1,1,0,0,0,0,0,2,1,1,2,0,0,0,0,0,0,1,0,1,0,0,3,0,0,0,0,0,0,0,0,1,0,1,0,0,1,0,0,0,1,1,0,0,5,120,0,6,4,12,0,0,3,2,0,3,0,1,0,0,0,0,47,1,0,1,3,0,0,1,2,5,18,2,0,0,10,1,0,2,1,5,0,0,0,0,0,0,0,1,1,4,0,0,0,0,0,1,1,0,2,0,0,0,0,0,0,0,0,0,0,0,0,0,0,0,0,0,0,0,0,0,0,1,1,0,0,0,0,2,0,2,0,0,0,0,0,0,0,0,0,1,1,0,0,0,1,0,3,2,0,0,0,0,0,0,4,4,1,0,0,2,2,1,0,0,0,0,0,0,0,1,8,2,1,0,0,2,0,0,1,4,5,0,0,2,7,1,0,8,1,8,1,0,3,1,0,2,0,0,0,3,0,0,2
126114,덕구온천 스파월드,1,0,0,0,0,0,0,0,0,0,0,0,0,0,0,0,1,0,0,0,0,0,0,0,0,0,0,0,0,0,0,0,0,0,0,0,0,0,0,0,0,0,0,0,0,0,0,1,0,0,0,0,0,0,0,0,0,0,0,0,0,0,0,0,0,0,0,0,0,0,0,0,0,0,0,0,0,0,0,0,0,0,0,0,0,0,0,0,0,0,0,0,0,0,0,0,0,0,0,0,0,0,0,0,0,0,0,0,0,0,0,0,0,0,0,0,0,0,0,0,1,0,0,0,0,0,0,0,0,0,0,0,0,0,0,0,0,0,0,0,0,0,1,0,0,0,0,0,0,0,0,0,0,0,0,0,0,0,0,0,0,0,0,1,0,0,0,0,0,0,0,0,0,0,0,0,0,0,0,0,0,0,0,0,0,0,0,0,0,0,0,0,0,0,0,0,0,0,0,0,0,0,1,0,0,0,0,0,0,0,0,0,0,0,0,0,0,0,0,0,0
3031321,덕산싸이판대온천,1,0,1,2,0,0,0,1,6,0,0,0,0,0,1,0,4,0,0,0,0,2,0,1,0,1,0,0,0,0,0,0,0,0,0,0,0,0,1,0,0,0,1,0,0,0,0,3,0,0,0,0,0,0,0,0,0,0,1,0,1,20,0,2,0,1,0,0,0,0,0,0,0,0,0,0,0,0,7,0,0,0,0,2,0,0,1,0,1,2,0,0,2,1,0,3,0,3,0,0,0,0,0,0,0,0,0,0,0,0,0,0,0,0,0,0,0,0,0,0,0,0,0,0,0,0,0,0,0,0,0,0,0,0,0,0,0,0,0,0,0,0,0,0,0,0,0,0,0,0,0,0,0,0,0,0,0,0,0,1,0,0,0,1,0,1,0,0,0,0,0,0,0,0,0,0,3,0,0,0,0,0,0,1,0,0,0,0,0,0,0,0,0,0,0,0,1,0,0,0,0,0,0,0,0,1,2,0,0,0,0,0,0,0,0,0,0,0,0,0,1
125859,덕산온천지구,1,0,1,2,0,0,0,1,7,0,1,0,0,0,1,0,4,0,0,0,0,2,0,1,0,1,0,0,0,0,0,0,0,0,0,0,0,0,1,0,0,0,1,0,0,0,0,3,0,0,0,0,0,0,0,0,0,0,1,0,1,22,0,2,0,1,0,0,0,0,0,0,0,0,0,0,0,0,9,0,0,0,1,2,1,0,1,0,2,2,0,0,2,2,0,3,0,4,0,0,0,0,0,0,0,0,0,0,0,0,0,0,0,0,0,0,0,0,0,0,0,0,0,0,0,0,0,0,0,0,0,0,0,0,0,0,0,0,0,0,0,0,0,0,0,0,0,0,0,0,0,0,0,0,0,0,0,0,0,1,0,0,0,1,0,1,0,0,0,0,0,0,2,0,0,0,3,0,0,0,0,0,0,1,0,0,0,0,0,0,0,0,0,0,0,0,1,0,1,0,0,0,0,0,0,1,2,0,0,0,0,0,0,0,0,0,0,0,0,0,1
127932,도곡 원네스 스파·리조트,0,0,0,0,1,0,0,3,1,0,0,0,0,0,0,0,0,1,0,0,0,2,1,0,1,0,0,0,0,0,0,1,0,0,0,0,0,0,0,1,0,1,0,0,0,0,0,2,0,0,0,0,0,0,0,0,0,0,0,0,0,28,0,4,2,1,1,0,1,0,0,0,0,0,0,0,0,0,8,0,0,0,0,1,0,0,0,1,1,3,1,0,3,2,0,1,0,0,0,0,0,0,0,0,0,0,0,0,0,0,0,0,0,0,0,0,0,0,0,0,1,0,0,0,0,0,0,0,0,0,0,0,0,0,0,0,0,0,0,0,0,1,0,0,0,0,1,0,0,0,0,0,0,0,0,0,0,0,1,0,0,1,1,0,2,0,0,0,0,0,0,0,1,0,0,0,2,0,0,0,0,0,0,0,0,0,0,0,5,0,0,0,0,1,0,0,1,2,0,0,0,0,0,0,0,0,0,0,0,0,1,1,0,0,1,0,1,0,0,0,0
3013448,도곡온천단지,0,0,0,0,1,0,0,3,1,0,0,0,0,0,0,0,0,1,0,0,0,2,1,0,1,0,0,0,0,0,0,1,0,0,0,0,0,0,0,1,0,1,0,0,0,0,0,2,0,0,0,0,0,0,0,0,0,0,0,0,0,24,0,3,2,1,1,0,1,0,0,0,0,0,0,0,0,0,7,0,0,0,0,1,0,0,0,1,1,3,1,0,3,2,0,1,0,0,0,0,0,0,0,0,0,0,0,0,0,0,0,0,0,0,0,0,0,0,0,0,1,0,0,0,0,0,0,0,0,0,0,0,0,0,0,0,0,0,0,0,0,0,0,0,0,0,1,0,0,0,0,0,0,0,0,0,0,0,1,0,0,1,1,0,2,0,0,0,0,0,0,0,1,0,0,0,2,0,0,0,0,0,0,0,0,0,0,0,5,0,0,0,0,1,0,0,1,2,0,0,0,0,0,0,0,0,0,0,0,0,1,1,0,0,1,0,1,0,0,0,0
127983,도산원탕,0,0,0,0,6,0,0,0,1,0,0,1,0,0,0,0,1,0,0,0,0,0,0,1,0,0,0,0,0,0,0,0,0,0,0,0,0,0,1,1,0,0,1,0,0,0,0,1,0,0,0,0,0,0,0,0,0,0,0,0,1,2,0,0,0,0,0,0,0,0,0,0,0,0,0,0,0,0,0,0,0,0,0,0,1,1,1,0,0,3,0,0,1,0,0,0,0,0,0,0,0,0,0,0,0,0,0,0,0,0,0,0,0,0,0,0,0,0,0,0,5,0,0,0,0,0,0,0,1,0,0,0,0,0,0,0,0,0,0,0,0,0,0,0,0,0,0,0,0,0,0,0,0,0,0,0,0,0,0,1,0,0,0,1,0,0,0,0,0,0,0,0,0,0,0,0,1,0,0,0,0,0,0,0,0,0,0,0,1,0,0,0,0,0,0,0,0,0,0,0,0,0,0,0,0,6,1,1,0,0,0,0,0,0,0,0,0,0,0,0,1
128706,동래온천 노천족탕,43,0,2,2,0,0,0,11,1,0,0,0,1,15,0,1,2,0,0,1,2,20,0,2,0,18,0,0,0,1,0,1,4,0,0,1,11,1,11,0,0,0,0,0,0,0,0,4,0,0,0,1,1,0,0,0,0,1,3,1,10,169,0,12,18,15,4,1,2,0,0,1,0,0,0,0,0,0,32,0,0,1,4,0,0,0,0,0,2,2,1,0,0,2,0,0,0,11,2,0,0,0,0,0,0,0,0,1,0,1,0,0,3,0,0,0,0,0,0,0,3,2,0,8,0,0,1,0,0,0,0,3,0,0,0,0,0,0,1,0,0,1,1,0,0,0,1,0,0,0,0,0,2,0,0,0,0,0,0,0,0,1,3,0,3,0,2,0,0,0,0,0,198,1,14,2,2,24,0,1,2,1,0,0,0,0,0,0,1,0,0,1,0,9,0,0,1,7,18,2,0,0,1,7,0,7,2,11,1,0,7,3,0,8,3,1,3,3,2,0,8
2735286,동막골유황천,0,0,0,3,1,0,0,0,10,4,0,2,0,0,3,1,7,0,0,0,1,0,2,0,1,1,0,0,0,0,0,0,0,0,0,0,0,0,0,0,0,0,3,2,1,0,0,0,1,0,0,0,0,0,0,0,1,0,2,0,2,10,0,1,0,1,0,0,0,0,0,0,0,0,0,0,0,0,6,0,0,0,1,0,1,0,0,0,0,2,1,1,1,0,0,0,0,0,0,0,0,0,2,0,0,0,0,0,0,0,1,0,0,0,0,0,0,0,0,0,3,0,1,0,0,1,0,0,0,0,0,0,0,0,0,0,0,0,0,0,0,0,1,0,0,0,0,0,0,0,0,0,0,0,0,0,0,1,0,0,0,4,2,0,0,0,0,0,0,0,0,0,0,0,0,0,2,0,0,0,1,0,0,0,0,0,0,0,1,0,0,0,0,0,0,0,0,2,0,0,0,1,0,1,0,1,0,0,0,0,0,1,0,0,0,0,0,0,0,0,0
2364045,동해무릉건강숲,1,0,0,0,0,0,1,0,2,0,0,0,0,0,0,0,3,0,0,0,0,2,0,0,1,0,0,0,0,0,0,0,0,0,0,0,0,0,0,0,0,0,0,0,0,0,0,0,0,0,0,0,1,0,0,1,0,0,0,0,0,5,0,1,1,0,0,0,0,0,0,0,0,0,0,0,0,0,1,0,0,0,1,0,0,0,1,0,0,1,0,0,1,0,0,0,0,1,0,0,0,0,0,0,0,0,0,0,0,0,0,0,0,0,0,0,0,0,0,0,1,0,0,0,0,0,0,0,0,0,0,0,0,0,0,0,0,0,0,2,0,1,1,0,0,0,0,0,0,0,0,0,0,2,0,1,0,0,0,0,0,0,1,0,0,0,0,0,0,0,0,0,0,0,0,0,1,0,0,0,0,0,0,0,0,0,0,0,1,0,0,0,0,0,0,0,0,0,0,0,0,0,0,0,0,0,0,0,0,0,0,0,0,0,0,0,0,0,0,0,0
2711056,동해약천온천실버타운,7,0,1,9,1,0,0,3,2,2,1,0,0,1,0,0,3,1,0,0,0,2,0,0,0,0,0,0,0,0,0,0,0,0,0,0,0,0,0,0,0,0,0,1,0,0,0,1,0,0,0,0,0,0,0,0,0,0,0,0,0,20,0,2,2,2,0,0,1,0,0,0,0,0,0,0,0,0,6,0,0,0,0,0,0,0,0,0,0,1,0,0,0,0,0,0,0,0,0,0,0,0,0,0,0,0,0,0,0,0,0,0,0,0,0,0,0,0,0,0,3,0,0,0,0,0,0,0,0,0,0,1,0,0,0,0,0,0,0,0,0,0,0,0,0,0,0,0,0,0,4,0,10,2,0,0,0,0,0,0,0,0,0,0,0,2,0,0,0,0,0,0,2,0,1,0,1,3,0,0,2,0,0,0,0,0,1,0,1,0,0,0,0,2,0,0,0,1,1,1,0,0,0,0,0,0,0,1,0,0,0,1,0,0,0,0,1,0,0,0,0
127012,등억온천단지,0,0,0,0,0,0,0,3,4,0,0,0,0,0,1,0,0,0,0,0,0,1,0,0,0,1,0,0,0,0,0,0,1,0,0,0,1,1,2,0,0,0,0,0,0,0,0,1,0,0,0,0,0,0,0,0,1,0,1,0,3,22,1,2,1,0,0,0,1,0,0,1,0,0,0,0,0,0,8,0,0,0,1,0,0,0,0,0,0,1,0,0,0,0,0,1,0,1,1,0,0,0,0,0,0,0,0,0,0,0,1,0,0,1,0,1,0,0,0,0,0,0,0,0,0,0,0,0,0,0,0,0,0,0,0,0,0,0,0,1,0,1,2,0,0,0,0,0,0,0,0,0,0,1,0,0,0,0,0,0,1,0,0,1,1,0,0,0,0,0,0,0,0,0,0,0,1,0,0,0,0,0,0,0,0,0,0,0,0,0,0,0,0,0,0,0,0,0,0,0,0,0,0,0,0,0,0,0,1,0,0,0,0,1,0,0,0,0,0,0,1
587699,디오션리조트 워터파크,3,0,0,1,1,0,0,15,2,0,1,0,0,9,2,0,0,0,0,0,0,1,0,2,0,0,0,0,0,0,0,0,0,0,0,0,0,0,0,0,0,0,0,0,0,0,0,1,0,0,0,0,0,0,0,0,0,0,0,2,2,134,1,4,2,6,0,0,2,2,0,1,0,0,0,0,0,0,22,0,0,1,1,0,1,0,0,0,0,1,0,0,1,0,0,0,0,2,0,0,0,0,0,0,0,1,0,0,0,0,0,0,0,1,0,0,0,0,0,0,1,0,0,2,0,0,0,0,0,0,0,0,0,0,1,0,0,0,0,0,0,0,0,0,0,0,0,0,1,0,3,0,1,0,0,0,0,1,0,0,0,0,1,1,0,0,0,0,0,0,0,0,21,1,1,1,2,5,0,0,1,2,0,0,1,0,0,0,2,0,0,0,0,2,0,0,2,6,3,0,0,0,1,2,1,1,0,1,0,0,2,1,0,0,0,0,0,0,0,0,1
3346305,레인보우힐링센터,1,0,0,0,0,0,0,0,2,0,0,0,0,0,0,0,0,0,0,0,0,0,2,0,0,2,0,0,0,0,0,0,0,0,0,0,0,0,1,0,0,0,0,0,0,0,0,0,0,0,1,0,0,0,0,0,3,0,0,0,2,7,0,1,0,1,0,0,0,0,0,1,0,0,0,0,0,0,5,0,0,0,0,0,5,0,0,0,0,2,0,0,1,0,0,0,0,0,0,0,0,0,1,0,0,0,0,0,0,0,0,0,0,0,0,0,0,0,0,0,0,0,0,0,0,0,0,0,0,0,0,0,0,0,0,0,0,0,0,0,1,0,0,0,0,0,0,0,0,0,0,0,0,0,0,0,0,0,0,0,0,0,0,0,1,0,0,0,0,0,0,0,0,0,0,0,1,0,0,0,0,0,0,0,0,0,0,0,1,0,0,0,0,0,0,0,0,0,0,0,0,0,0,0,0,1,0,0,0,0,0,1,0,0,0,0,0,0,0,0,0
2732163,로만바스,7,0,0,0,0,0,0,5,2,1,0,0,1,0,1,0,0,0,0,0,0,4,0,0,0,1,0,0,0,0,0,1,0,0,0,0,0,0,4,0,0,0,0,0,0,0,0,0,1,0,0,0,0,0,0,0,0,0,0,0,2,99,0,10,3,11,2,0,0,0,0,0,0,0,0,0,0,0,23,0,0,0,0,0,1,0,1,0,0,1,0,0,0,0,0,0,0,3,0,0,0,0,0,0,0,0,0,10,0,0,2,0,0,1,0,1,0,0,0,0,4,0,0,0,1,2,0,1,0,1,0,0,1,0,0,0,0,0,0,0,0,0,0,0,0,0,1,0,0,0,0,0,0,0,0,0,0,0,0,0,0,0,5,1,2,1,0,0,1,0,0,0,31,0,0,0,1,1,0,0,0,0,0,0,0,0,0,0,1,0,1,1,1,3,0,0,1,9,1,0,0,0,0,4,0,4,0,2,0,1,4,1,0,2,0,0,1,1,0,0,2
2794933,롯데호텔 서울 설화수 스파,165,3,1,9,96,0,0,42,2,0,0,0,3,148,10,7,6,23,0,3,0,95,3,22,5,63,7,8,3,4,2,8,3,6,2,8,8,4,90,8,0,6,0,0,0,0,0,2,2,1,1,5,0,0,1,0,2,0,19,1,57,1028,1,113,152,255,52,18,19,12,4,30,1,2,2,0,0,0,309,11,3,13,5,11,9,2,5,2,10,2,1,16,22,13,0,0,1,41,19,1,3,0,0,2,1,3,0,0,0,0,0,0,6,2,3,5,0,1,0,0,25,4,1,2,1,0,0,13,0,0,0,1,0,0,0,0,0,0,0,8,1,1,3,0,4,0,0,0,1,0,0,0,0,0,2,1,1,0,0,1,0,0,3,0,5,10,9,17,1,0,0,4,2152,15,119,6,3,76,21,4,8,4,2,20,0,0,0,0,5,1,0,1,0,64,2,4,13,28,53,7,9,5,0,113,2,94,17,65,5,5,131,13,7,45,5,2,6,14,8,1,37
127608,마금산원탕,1,0,0,0,0,0,0,1,0,1,0,1,0,0,0,0,0,0,0,0,0,0,0,0,0,0,0,0,0,0,0,0,0,0,0,0,0,0,0,0,0,0,2,0,0,0,0,2,0,0,0,0,0,0,0,0,0,0,0,0,1,15,0,1,1,2,1,0,1,0,0,0,0,0,0,0,0,0,9,0,0,0,0,0,0,0,0,0,0,4,0,0,0,0,0,0,0,0,0,0,0,0,0,0,0,0,0,0,0,0,0,0,0,0,0,0,0,0,0,0,1,0,0,0,0,0,0,0,0,0,0,0,0,0,0,0,0,0,0,1,0,0,1,0,0,0,0,0,0,0,0,0,0,0,1,0,0,0,0,0,0,0,4,0,1,0,0,0,0,0,0,0,4,0,0,0,1,4,0,0,0,0,0,0,0,0,0,0,1,0,0,0,0,1,0,0,1,0,0,1,0,0,0,0,0,0,0,2,0,0,0,0,0,1,0,0,0,0,0,0,0
127995,마우나오션리조트 블루 워터,0,0,0,0,0,0,0,1,0,0,0,0,0,0,0,0,0,0,0,0,0,0,0,1,0,0,0,0,0,0,0,0,0,0,0,0,0,0,0,0,0,0,1,0,0,0,0,1,0,0,0,0,0,0,0,0,0,0,0,0,0,13,0,2,1,0,0,1,0,0,0,0,0,0,0,0,0,0,4,0,0,0,0,0,0,1,0,0,1,0,0,0,0,0,0,0,0,1,0,0,0,0,0,0,0,0,0,0,0,0,0,0,0,1,0,0,0,0,0,0,0,0,0,0,0,0,0,0,0,0,0,0,0,0,0,0,0,0,0,0,0,0,0,0,0,0,0,0,0,0,0,1,2,0,0,0,0,0,0,0,0,0,0,0,0,0,0,0,0,0,0,0,1,0,0,0,1,1,0,0,0,0,0,0,0,0,0,0,1,0,0,0,0,0,0,0,1,2,0,0,0,1,0,0,0,0,0,1,0,0,0,1,0,0,0,0,0,0,0,0,1
126647,문경종합온천,1,0,0,2,0,0,0,2,5,1,0,0,0,0,3,0,1,1,1,0,1,1,1,1,0,1,0,0,0,0,0,0,0,0,0,0,0,0,0,1,0,0,0,0,0,0,0,1,0,0,0,0,0,0,0,0,1,0,0,0,3,19,0,0,0,1,0,0,0,0,0,0,0,0,0,1,0,0,1,1,0,1,1,0,0,0,1,0,0,2,0,0,0,0,0,1,0,0,1,0,0,0,0,0,0,0,1,1,0,0,1,0,0,1,1,0,1,0,0,0,1,0,0,0,0,0,0,0,0,0,0,0,0,0,1,0,0,0,0,1,0,0,0,0,0,0,0,0,0,0,0,0,0,0,1,0,0,0,0,1,0,0,0,0,0,1,0,0,0,0,0,0,0,1,0,1,0,0,0,0,0,1,0,0,1,0,0,0,1,0,0,0,0,0,0,0,0,2,0,0,0,0,0,0,0,3,0,1,0,0,0,0,0,0,0,0,0,0,0,0,1
2755820,미리내힐빙클럽,1,1,0,11,0,0,0,0,5,0,0,1,0,0,1,0,0,0,0,0,0,2,1,0,0,2,0,0,0,0,0,0,0,0,0,0,0,0,0,0,0,0,6,1,0,0,0,0,1,0,0,0,0,0,0,0,0,0,1,0,1,15,0,1,0,0,0,1,0,0,0,0,0,0,0,0,0,0,4,0,0,0,0,0,0,0,0,0,0,2,0,0,1,1,0,0,0,0,0,0,0,0,0,0,0,0,0,1,0,0,1,0,0,0,0,0,0,0,0,0,0,0,0,0,0,1,0,0,0,0,0,0,0,0,0,0,0,0,0,0,0,0,0,0,1,0,1,0,0,0,0,0,0,0,0,0,0,0,0,0,0,0,1,0,0,0,0,0,0,0,0,0,0,0,0,0,2,0,0,0,0,0,0,0,0,0,0,0,0,0,0,0,0,0,0,0,0,2,0,1,0,0,1,0,0,1,0,1,0,0,2,0,0,0,0,0,0,0,0,0,0
2770713,미성온천,19,1,0,4,10,0,0,11,4,0,0,1,0,9,5,1,1,2,0,4,2,12,0,2,6,11,0,0,0,0,0,0,0,1,0,3,0,0,1,1,0,1,2,0,0,0,0,2,1,1,0,0,0,0,0,0,0,0,5,0,5,128,0,14,11,16,3,2,4,0,1,5,0,0,0,0,0,0,36,0,1,0,0,0,2,0,2,0,0,14,0,4,2,3,0,0,0,10,3,0,0,0,0,0,1,1,0,0,0,0,3,0,3,1,1,0,0,0,0,0,4,0,0,0,0,0,0,2,0,0,0,0,0,0,0,0,0,0,1,0,1,0,0,0,0,1,3,0,1,0,0,0,0,0,0,0,1,0,0,0,0,0,3,1,3,1,1,0,0,0,0,0,111,2,3,0,2,39,1,1,1,0,0,0,0,0,0,0,8,1,0,0,0,18,0,0,2,8,21,3,1,0,1,15,0,6,4,11,0,1,6,5,0,6,0,1,3,2,1,0,2
2808100,바구스스파,12,0,0,0,0,0,0,3,1,0,0,0,0,0,7,0,2,1,0,0,1,11,3,0,1,7,1,1,0,0,0,1,0,0,0,0,1,1,4,0,0,0,1,0,0,0,0,3,0,0,0,0,0,0,0,0,0,0,6,0,5,176,2,23,24,24,5,2,2,0,0,1,0,0,0,0,0,0,44,1,1,0,0,0,1,1,0,0,0,4,2,0,4,0,0,0,1,5,0,0,0,0,1,0,1,0,0,0,0,0,1,0,2,0,0,0,0,0,0,0,1,0,0,0,0,0,0,1,0,0,0,0,0,0,0,0,0,0,1,2,0,0,0,0,1,0,1,0,0,0,0,0,0,0,1,0,0,0,0,0,0,0,1,1,1,1,2,0,0,0,0,0,47,0,3,1,1,11,2,0,1,1,0,0,0,0,0,0,2,0,0,2,1,11,1,1,2,7,4,0,0,1,0,8,1,6,0,10,1,1,2,4,0,5,0,0,4,3,0,0,3
128210,발리온천,1,0,0,1,0,0,0,1,3,0,0,0,0,0,2,0,0,0,0,0,1,1,0,1,0,0,0,0,0,0,0,0,0,0,0,0,0,0,0,0,0,1,0,0,0,0,0,1,0,0,0,0,0,0,0,0,0,0,1,0,0,13,0,1,0,0,0,0,0,0,0,0,0,0,0,0,0,0,9,0,0,0,2,0,0,0,0,0,0,0,0,0,0,0,0,0,0,2,0,0,0,0,0,0,0,0,0,1,0,0,0,0,0,0,0,0,0,0,0,0,0,2,0,0,0,0,0,0,0,0,0,0,0,0,0,0,0,0,0,0,0,0,1,0,0,0,1,0,2,0,1,0,2,0,0,0,0,0,0,0,0,0,1,0,0,1,0,0,1,0,0,0,89,0,0,0,1,1,0,0,0,0,0,0,0,0,1,1,1,0,0,0,0,2,1,0,0,0,0,1,0,0,0,0,0,3,0,0,0,0,0,1,0,0,0,0,0,0,0,0,1
2788442,범서온천 지지워터피아,0,0,0,0,0,0,0,0,0,0,0,0,0,0,0,1,0,0,0,0,0,0,0,0,0,0,0,0,0,0,0,0,0,0,0,0,0,0,0,0,0,0,0,0,0,0,0,1,0,0,0,0,0,0,0,0,0,0,0,0,1,19,0,0,0,0,0,0,0,0,0,0,0,0,0,0,0,0,2,1,0,0,0,0,0,0,0,0,0,2,0,0,0,0,0,0,0,0,0,0,0,0,0,0,0,0,0,0,0,0,0,0,0,0,0,0,0,0,0,0,0,0,0,0,0,0,0,0,0,0,0,0,0,0,0,0,0,0,0,1,1,0,0,0,0,0,0,0,0,0,0,0,0,0,0,1,0,0,0,0,0,0,1,0,0,0,0,0,0,0,0,0,1,0,0,0,0,0,0,0,0,0,0,0,0,0,0,0,0,0,1,0,1,1,0,0,2,0,0,0,0,0,0,1,0,0,0,1,0,0,0,0,0,0,0,0,0,0,0,0,0
3076330,변산 해수찜,2,0,0,20,0,0,0,3,3,0,0,1,1,0,0,0,0,0,0,0,0,1,0,0,1,0,0,0,0,0,0,0,1,0,0,0,0,0,0,0,0,0,1,0,1,1,0,1,0,0,0,0,0,0,0,0,0,0,1,0,0,16,0,0,0,1,0,0,0,0,0,0,0,0,0,0,0,0,3,0,0,0,0,0,0,0,0,0,0,0,1,0,0,1,0,0,0,0,0,0,0,0,0,0,0,0,0,0,0,0,0,0,0,0,0,0,0,0,0,0,3,0,0,0,0,0,0,0,0,0,0,0,0,0,0,0,0,0,0,0,0,0,1,0,1,0,0,0,0,0,3,1,4,0,0,0,0,1,0,0,0,0,2,0,0,1,0,0,0,0,0,0,0,0,0,0,0,2,0,0,1,0,0,0,0,1,0,0,0,1,0,0,0,3,0,0,0,0,0,1,0,1,4,0,0,0,1,3,0,0,0,0,0,0,0,0,0,1,0,0,0
2782126,보원장탄온천,45,1,0,2,3,0,0,13,4,0,0,0,1,19,4,0,1,2,0,0,0,28,0,2,3,19,1,0,0,0,0,0,1,2,0,1,2,1,16,1,0,2,0,0,2,0,0,5,1,1,0,1,0,0,0,1,0,0,6,0,13,414,1,38,48,96,15,4,10,10,1,12,1,1,0,0,0,0,164,2,1,0,3,0,1,0,0,2,10,2,0,3,1,5,0,0,0,13,1,0,0,0,0,0,3,1,0,1,0,0,4,1,8,2,0,3,0,0,0,0,15,1,1,0,0,3,0,5,0,1,0,0,0,0,0,0,1,0,1,6,0,0,1,0,1,0,1,0,0,0,0,0,0,0,0,0,1,0,0,1,0,0,6,1,3,1,2,3,2,0,0,0,685,0,15,0,0,35,8,1,5,1,0,9,0,0,0,0,7,1,3,1,0,31,1,1,10,13,8,3,0,0,1,22,1,26,0,23,0,4,23,11,1,13,1,1,4,8,0,1,9
2900897,본초다담,0,0,0,1,0,0,0,1,4,2,0,1,0,1,2,0,2,0,0,0,0,1,1,1,0,1,0,0,0,0,0,1,0,0,0,0,2,0,1,0,0,0,0,0,0,0,0,0,0,1,0,0,0,0,0,0,0,0,0,0,1,30,0,2,0,2,0,0,0,1,0,0,0,0,0,0,0,0,8,0,0,0,0,0,0,0,0,1,0,1,1,2,1,1,0,2,0,5,0,0,0,0,0,0,0,0,0,0,0,0,0,0,0,0,0,0,0,0,0,0,1,0,0,0,0,1,0,0,0,0,0,0,0,0,0,0,0,0,0,0,0,0,0,0,0,1,1,0,0,0,0,0,0,0,0,0,0,0,0,0,0,0,0,1,0,0,0,1,0,0,0,0,1,1,0,2,0,2,1,0,1,0,0,0,0,0,0,0,2,0,0,0,0,1,0,0,0,0,1,0,0,0,0,1,0,2,0,0,0,0,1,1,0,2,0,0,0,0,1,0,1
2660770,부산 치유의 숲,1,0,0,0,0,0,0,0,1,0,0,0,0,0,0,0,0,0,0,0,0,0,0,0,1,1,0,0,0,0,0,0,0,0,0,0,0,0,0,0,0,0,0,0,0,0,0,1,0,0,0,0,1,0,0,0,0,0,0,0,1,13,0,0,0,0,0,0,1,0,0,0,0,0,0,0,0,0,4,0,0,0,0,0,0,0,0,0,0,0,0,0,0,0,0,0,0,1,0,0,0,0,0,0,0,0,0,0,0,1,0,0,1,0,0,0,0,0,0,0,1,0,0,0,0,0,0,0,0,0,0,0,0,0,0,0,0,0,0,0,1,1,0,0,0,0,1,0,0,0,0,0,0,0,0,0,0,0,0,0,0,0,0,0,1,0,0,0,0,0,0,0,3,0,1,0,2,0,0,0,0,0,0,0,0,0,0,0,1,0,0,0,0,0,0,0,0,1,0,0,0,0,0,0,0,0,0,0,0,0,0,0,0,0,0,0,0,0,0,0,0
2745737,북수원온천,42,0,0,0,3,0,0,9,9,0,0,0,1,4,2,0,0,3,0,0,1,16,0,1,1,9,0,2,0,0,0,0,1,0,0,1,4,0,10,1,0,1,0,1,5,0,0,1,0,0,0,0,0,0,0,0,1,0,3,0,6,274,1,18,27,33,8,0,3,1,0,0,0,0,0,0,0,0,124,0,1,3,4,5,0,0,0,0,4,2,0,1,4,1,0,0,0,12,1,0,0,0,0,0,3,0,0,2,0,0,4,0,3,0,0,1,0,0,0,0,11,1,0,0,0,6,0,1,0,0,0,1,0,0,0,1,0,0,2,2,1,0,0,0,0,2,1,0,0,0,0,0,0,0,0,0,0,0,1,0,0,0,5,0,5,2,1,2,2,1,0,0,527,0,2,0,0,25,1,1,0,0,0,0,0,0,0,0,2,0,0,1,3,34,0,2,8,17,8,7,0,1,0,16,0,11,1,3,2,2,9,6,0,10,0,1,2,8,0,0,3
2733836,북한산온천비젠,6,0,0,1,22,0,0,3,7,0,0,0,0,7,2,1,1,1,0,0,0,2,0,2,1,3,0,0,2,0,0,0,0,0,0,0,0,1,4,2,0,0,1,1,2,0,0,1,0,0,0,1,0,0,0,0,0,0,3,0,9,129,0,11,8,12,1,0,5,1,1,4,0,0,0,0,0,0,52,0,0,1,1,2,0,1,2,1,3,3,0,1,2,2,0,0,1,9,0,0,0,1,0,1,0,1,0,5,0,0,0,0,1,1,0,0,0,0,0,0,10,0,0,0,0,4,0,5,0,0,0,0,0,0,0,0,0,0,0,2,0,1,2,0,2,0,0,0,0,0,0,0,0,0,0,0,0,0,0,0,0,0,0,0,1,2,0,2,0,0,0,0,99,0,5,0,0,8,0,0,0,0,0,1,0,0,0,0,3,1,0,0,0,4,0,1,3,7,3,1,3,0,0,7,0,13,3,8,0,0,13,1,2,8,0,0,0,2,1,0,1
2746584,삼척 활기 치유의 숲,0,0,0,0,0,0,0,0,0,0,0,0,0,0,1,0,1,0,0,0,0,0,0,0,0,0,0,0,0,0,0,0,0,0,0,0,0,0,0,0,0,0,2,0,0,0,0,0,0,0,0,0,0,0,0,0,0,0,0,0,0,3,0,1,0,0,0,0,0,0,0,0,0,0,0,0,0,0,0,0,0,0,0,0,0,0,0,0,1,0,0,0,1,0,0,0,0,0,0,0,0,0,0,0,0,0,0,0,0,0,0,0,0,0,0,0,0,0,0,0,0,0,0,0,0,0,0,0,0,0,0,0,0,0,0,0,0,0,0,0,0,0,0,0,0,0,0,0,0,0,0,0,0,3,0,0,0,0,0,0,0,0,0,1,1,0,0,0,0,0,0,0,0,0,0,0,0,0,0,0,0,0,0,0,0,0,0,0,0,0,0,0,0,0,0,0,0,0,0,0,0,0,0,0,0,1,0,0,0,0,0,1,0,0,0,0,0,0,0,0,0
2660763,서귀포 치유의 숲,10,2,0,14,0,0,0,4,1,0,0,0,0,8,1,0,0,0,0,0,0,2,1,0,5,3,0,0,0,0,0,1,0,0,0,2,0,0,2,0,0,0,0,0,3,0,0,0,0,0,0,0,1,0,0,0,0,0,1,2,1,39,0,2,5,3,1,0,1,0,0,3,0,0,0,0,0,0,16,0,0,0,0,0,1,0,0,0,0,1,0,0,2,0,0,0,0,2,1,0,0,0,0,0,0,0,1,0,0,0,0,0,0,0,0,0,0,0,0,0,5,0,0,0,2,0,1,1,0,0,0,0,0,0,0,0,0,0,1,3,1,3,4,0,0,0,0,0,1,0,2,3,0,1,0,1,0,2,0,1,0,1,1,0,3,0,0,0,0,0,0,0,18,0,0,0,1,1,0,0,1,1,0,0,1,0,0,0,0,0,0,0,0,2,0,0,0,3,1,0,0,0,1,2,0,3,1,2,0,0,2,1,0,1,0,0,0,0,0,0,0
2720028,서천 치유의 숲,0,0,0,0,0,0,0,0,6,1,0,1,0,0,1,0,1,0,0,0,0,1,0,0,0,0,0,0,0,0,0,0,0,0,0,3,0,1,2,0,0,0,4,0,0,2,0,0,0,0,0,0,1,0,0,0,0,0,0,0,0,8,0,1,1,0,0,0,0,0,0,0,0,0,0,0,0,0,1,0,0,0,0,0,0,0,0,0,0,2,0,0,0,1,0,0,0,1,0,0,0,0,0,0,0,0,0,0,0,0,0,0,0,0,0,0,0,0,0,0,0,0,0,0,0,0,0,0,0,0,0,0,0,0,0,0,0,0,0,0,0,0,0,0,0,0,0,0,0,0,3,0,3,0,0,0,0,0,0,0,0,0,3,0,0,0,0,0,0,0,0,0,0,0,0,0,4,0,0,0,0,0,0,0,0,0,0,0,0,0,0,0,0,0,0,0,0,0,0,1,0,0,0,0,0,0,0,0,0,0,0,0,0,0,0,0,0,2,0,0,0
3012012,석예원 본초 족욕 성산점,2,5,0,9,0,1,0,0,2,0,0,0,1,1,0,0,0,1,0,0,0,1,0,0,0,0,0,0,0,0,0,0,0,0,0,0,0,0,0,0,0,0,1,0,0,0,0,0,0,0,0,0,1,0,0,0,0,0,1,2,1,39,0,2,2,8,0,0,0,0,0,0,0,0,0,0,0,0,28,0,0,0,1,0,0,0,0,0,0,0,0,0,0,1,0,0,0,0,1,0,0,0,0,0,0,0,0,0,0,0,3,0,0,0,0,0,0,0,0,0,5,0,0,0,0,0,0,0,0,0,0,0,0,0,0,0,0,0,0,2,0,0,0,0,0,0,0,1,0,0,3,2,5,0,0,0,0,1,0,0,0,0,1,0,1,4,0,0,0,0,0,0,1,0,1,0,2,0,0,1,0,0,0,0,0,0,0,0,0,0,0,1,0,0,0,0,0,2,0,2,0,0,2,1,0,4,0,1,0,0,3,0,0,0,0,0,0,0,2,0,0
2778917,석정온천휴스파,1,0,0,0,1,0,0,0,0,0,0,0,1,0,2,0,2,1,0,0,0,3,1,1,1,0,0,0,0,0,0,0,0,0,0,0,0,0,0,1,0,1,1,0,0,0,0,1,0,0,0,0,0,0,0,0,0,0,0,0,0,16,0,1,1,0,0,0,0,0,0,0,0,0,0,0,0,0,4,0,0,1,1,0,2,1,0,0,0,5,1,0,0,0,0,0,0,0,0,0,1,0,0,0,0,0,0,1,0,0,0,0,0,0,0,0,0,0,0,0,0,0,0,0,0,0,0,0,0,0,0,0,0,0,0,0,0,0,0,0,1,0,0,0,1,0,3,0,0,0,0,0,0,0,0,0,0,0,0,0,0,0,0,2,0,0,0,0,0,0,0,0,0,1,0,1,1,0,0,0,0,1,0,0,0,0,0,0,0,0,0,0,0,0,0,0,0,3,0,0,0,0,0,2,0,2,0,0,0,0,0,1,0,0,0,0,0,0,0,0,1
129399,설악 파인리조트 가든스파,16,8,0,16,0,0,0,25,9,2,2,2,0,3,4,0,6,1,0,0,0,3,0,0,1,0,0,0,0,0,0,0,0,0,0,0,0,0,1,0,0,0,2,0,0,0,0,2,1,0,0,0,0,0,0,0,1,0,0,0,5,124,0,2,3,2,1,4,2,0,0,0,0,0,0,0,0,0,43,0,0,0,0,0,0,0,0,0,0,0,1,0,4,0,0,0,0,1,1,0,0,0,0,0,0,0,0,4,0,0,0,0,0,0,0,0,0,0,0,0,5,0,0,2,1,0,3,0,0,0,0,2,0,0,0,0,0,0,0,1,0,1,1,0,0,2,0,0,0,0,10,1,17,0,0,1,0,0,1,1,0,0,1,0,1,4,0,0,0,0,0,0,6,0,6,1,0,2,0,0,3,0,0,1,0,0,1,0,1,2,0,0,0,1,0,0,0,5,5,8,2,1,11,1,0,3,1,6,0,0,2,1,0,0,0,0,0,1,3,0,0
2660725,설화수 플래그십 스토어,170,3,1,9,79,0,0,39,0,0,0,0,4,117,12,7,7,20,0,3,1,87,3,23,6,64,7,7,2,4,2,6,3,7,2,12,15,3,88,7,0,6,0,0,0,0,0,4,2,1,1,5,0,0,1,1,2,0,16,1,47,1061,1,113,146,261,48,18,16,14,3,29,1,3,2,0,0,0,301,11,3,13,5,9,9,2,3,3,14,2,1,13,22,14,0,1,0,38,18,1,3,0,0,2,1,2,0,0,1,0,0,0,8,2,2,6,0,0,0,0,16,3,1,2,1,0,0,12,0,0,0,1,0,0,0,0,1,0,2,7,1,0,1,0,3,0,1,0,1,0,0,0,0,0,1,0,2,0,0,1,0,0,11,1,7,4,8,17,1,0,0,4,1945,14,119,6,3,72,23,4,9,4,2,23,0,0,0,0,9,2,0,2,1,67,3,3,11,29,46,5,5,4,0,113,1,90,15,63,6,6,122,16,7,35,5,1,6,12,7,1,36
3407767,소노벨 청송 솔샘온천,1,1,0,0,4,0,0,0,1,0,0,0,0,0,0,0,2,0,0,0,1,1,0,0,0,0,0,0,0,0,0,0,0,0,0,0,0,0,1,0,0,0,1,0,0,0,0,2,0,0,0,0,0,0,0,0,0,0,0,0,0,18,0,0,0,0,0,0,0,0,0,0,0,0,0,0,0,0,1,0,0,1,0,0,3,0,1,0,0,2,0,0,1,1,0,0,0,2,0,0,0,0,0,0,0,0,0,0,0,0,0,0,0,0,0,0,0,0,0,0,1,0,0,0,0,0,0,0,0,0,0,0,0,0,0,0,0,0,0,0,1,1,1,1,0,0,0,0,0,0,0,0,0,0,1,1,0,0,1,0,0,1,0,2,0,0,0,0,0,0,0,0,0,0,0,1,1,0,0,0,0,0,0,0,0,0,0,0,0,0,0,0,0,1,0,0,0,1,0,0,0,1,0,0,0,1,0,0,0,0,0,0,0,0,1,0,0,0,0,0,1
3346664,소백산 생태탐방원,1,0,0,0,1,0,0,0,1,0,0,0,0,0,0,1,0,0,1,0,0,1,0,1,0,0,0,0,0,0,0,0,0,0,0,0,0,0,1,0,0,0,1,0,1,0,0,0,0,0,0,0,0,1,0,0,0,0,0,0,0,4,0,0,0,0,0,0,0,0,0,0,0,0,0,0,0,0,1,0,0,0,0,0,0,0,1,0,1,1,0,0,1,0,0,0,0,0,0,0,0,0,0,0,0,0,0,0,0,0,0,0,0,0,0,0,0,0,0,0,1,0,0,0,0,0,0,0,0,0,0,0,0,0,0,0,0,0,0,0,0,0,0,0,0,0,0,0,0,0,0,0,0,0,0,0,0,0,0,0,0,0,0,0,0,0,0,0,0,0,0,0,0,0,0,0,0,0,0,0,0,0,0,0,0,0,0,0,1,0,0,0,0,0,0,0,0,0,0,0,0,0,0,0,0,1,0,0,0,0,0,0,0,0,0,0,0,0,0,0,0
1799724,속초스파랜드,18,9,0,19,0,0,0,27,9,3,2,2,0,3,4,0,6,1,0,0,0,3,0,0,2,1,0,0,0,0,0,0,0,0,0,0,0,0,1,0,0,0,2,0,0,1,0,2,1,0,0,0,0,0,0,0,1,0,0,0,6,129,0,2,3,2,1,4,2,0,0,0,0,0,1,0,0,0,47,0,0,0,0,0,0,0,0,0,0,0,2,0,4,0,0,0,0,1,1,0,0,0,0,0,0,0,0,4,0,0,0,0,0,0,0,0,0,0,0,0,5,0,0,2,2,0,3,0,1,0,0,2,0,0,0,0,0,0,0,1,0,0,0,0,0,2,0,0,0,0,12,1,22,0,0,1,0,0,1,1,0,1,1,0,1,5,0,0,0,0,0,0,6,0,6,1,0,2,0,0,3,0,0,1,0,0,1,0,1,2,0,0,0,1,0,0,0,5,5,8,2,1,13,1,0,3,1,6,0,0,2,1,0,0,0,0,0,1,3,0,0
2766491,수목원생활온천,21,1,0,4,10,0,0,9,4,0,0,1,0,9,6,1,1,2,0,4,2,12,0,1,6,11,0,0,0,0,0,0,0,1,0,3,0,0,1,2,0,1,2,0,0,0,0,2,1,1,0,0,0,0,0,0,0,0,4,0,5,126,0,14,11,16,3,2,4,0,1,5,0,0,0,0,0,0,40,0,1,0,0,0,2,0,2,0,0,14,0,4,4,3,0,0,0,11,3,0,1,0,0,0,1,1,0,0,0,0,3,0,2,1,1,0,0,0,0,0,4,0,0,0,0,0,0,2,0,0,0,0,0,0,0,0,0,0,1,0,1,0,0,0,0,1,3,0,0,0,0,0,0,0,0,0,1,0,0,0,0,0,3,1,3,1,1,0,0,0,0,0,92,2,2,0,1,34,1,1,1,0,0,0,0,0,0,0,8,1,0,0,0,18,0,0,2,8,21,3,1,0,1,14,0,8,4,11,0,1,8,6,0,5,0,1,2,3,1,0,2
3343355,수안보온천 족욕길,5,1,1,0,0,0,0,0,6,0,0,2,0,0,2,0,1,0,1,0,0,1,0,0,0,0,0,0,0,0,0,0,0,0,0,0,0,0,0,1,0,0,0,0,0,0,0,2,0,0,0,0,1,0,0,0,0,0,0,0,0,12,0,0,0,0,0,0,0,0,0,0,0,0,0,0,0,0,1,0,0,1,0,0,1,0,1,0,0,4,0,0,2,2,0,3,0,2,1,0,0,0,0,0,0,0,0,0,0,0,0,0,0,0,0,0,0,0,0,0,0,0,0,0,0,0,0,0,0,0,0,0,0,0,0,0,0,0,0,1,0,1,0,0,0,0,0,0,0,0,0,0,0,0,2,0,0,0,0,0,0,0,0,0,0,0,0,0,0,0,0,0,0,0,0,0,0,0,0,0,0,0,0,0,0,0,0,0,0,0,0,0,0,0,0,0,0,0,0,0,0,1,0,0,0,3,0,0,0,0,0,0,0,0,0,0,0,0,0,0,0
2713440,순창 쉴랜드,0,0,0,1,2,0,0,1,1,0,0,0,0,0,0,0,0,0,0,0,1,1,0,0,0,1,0,0,0,0,0,0,0,0,0,0,0,0,3,1,0,0,1,0,1,0,0,0,0,0,0,0,1,0,0,0,0,0,0,0,1,13,0,0,0,1,0,0,0,0,0,0,0,0,0,0,0,0,2,0,0,0,1,0,0,0,1,0,0,1,0,0,1,1,0,3,0,2,0,0,0,0,0,0,0,1,0,0,0,0,0,0,0,0,0,0,0,0,0,0,0,0,0,0,0,0,0,0,0,0,0,0,0,0,0,0,0,0,0,1,0,0,0,0,0,0,0,0,0,0,0,0,0,1,0,0,0,0,0,0,0,0,0,0,0,0,0,0,0,0,0,0,0,0,0,0,1,0,0,0,0,1,0,0,0,0,0,0,1,0,0,0,0,0,0,0,0,0,0,1,0,0,0,0,0,1,1,0,0,0,0,1,0,0,1,0,0,0,0,0,0
2804475,숲애서,0,0,0,0,0,0,0,0,1,0,0,0,0,0,0,0,0,0,0,0,0,1,0,0,1,0,0,0,0,0,0,0,0,0,0,0,0,1,0,0,0,0,0,0,0,0,0,0,0,0,1,0,0,0,0,0,0,0,0,0,1,5,0,0,0,0,0,0,0,0,0,0,0,0,0,0,0,0,3,0,0,0,0,0,0,0,0,0,0,2,0,0,0,0,0,0,0,0,0,0,0,0,0,0,0,0,0,1,0,0,0,0,0,0,0,0,0,0,0,0,0,0,0,0,0,0,0,1,0,0,0,0,0,0,0,0,0,0,0,0,0,0,0,0,0,0,0,0,0,0,0,0,0,0,0,0,0,0,0,0,0,0,1,1,0,0,0,0,0,0,0,0,4,0,0,0,0,1,0,0,0,0,0,0,0,0,0,0,0,0,0,0,0,0,0,0,1,0,0,0,0,0,0,0,1,1,0,0,0,1,0,0,0,0,0,0,0,0,0,0,0
3397899,스파더스페이스,4,0,0,0,0,0,0,0,0,1,0,1,0,1,1,0,0,1,0,0,0,1,0,0,1,0,0,0,0,0,0,0,0,0,0,0,0,0,0,0,0,0,0,0,0,0,0,1,0,0,0,0,0,0,0,0,0,0,0,0,1,37,0,2,4,2,2,0,1,0,0,2,0,0,1,0,0,0,26,0,0,0,1,0,1,0,0,0,0,4,0,0,3,0,0,0,0,1,0,0,0,0,0,0,0,0,0,0,0,0,0,0,0,0,0,0,0,0,0,0,1,0,0,0,0,0,0,0,0,0,0,0,0,0,0,0,0,0,0,0,0,0,0,0,0,0,0,0,1,0,2,0,1,0,0,0,0,0,0,0,0,1,0,0,0,4,0,0,0,0,0,0,17,0,0,0,0,2,0,0,0,1,0,0,0,0,0,0,1,0,0,0,0,2,0,0,3,3,7,1,0,0,0,1,0,2,1,1,0,0,1,0,0,0,0,0,1,0,0,0,1
3386242,스파디움24,34,0,0,1,1,0,0,14,4,0,0,0,1,11,3,0,1,2,0,0,0,24,0,4,3,17,1,0,0,0,0,1,1,2,0,1,2,1,11,1,0,0,0,0,2,0,0,4,1,0,0,0,0,0,0,1,0,0,4,0,8,338,1,25,25,46,9,3,3,2,1,7,1,1,0,0,0,0,112,1,1,0,3,0,1,0,0,2,9,2,0,3,1,4,0,0,0,11,1,0,0,0,0,0,3,1,0,1,0,0,4,1,8,2,0,2,0,0,0,0,15,1,1,0,0,4,0,5,0,1,0,0,0,0,0,0,1,0,1,4,0,0,2,0,1,0,1,0,0,0,0,0,0,0,0,0,1,0,0,1,0,0,6,1,3,1,1,3,2,0,0,0,573,0,4,0,0,30,0,1,5,1,0,9,0,0,0,0,6,1,3,1,0,25,1,1,11,15,6,3,1,0,1,18,0,20,0,18,0,4,7,10,1,11,1,1,4,7,0,0,6
1178650,스파라스파 (곤지암리조트),0,0,0,1,0,0,0,0,3,0,0,0,0,0,0,0,0,0,0,0,0,3,0,0,3,0,0,0,0,0,0,0,0,0,0,0,1,0,1,1,0,0,0,0,0,0,0,1,0,0,0,0,0,0,0,0,0,0,0,0,3,46,0,0,1,2,0,0,0,0,0,0,0,0,0,0,0,0,15,0,0,0,0,0,0,0,1,1,1,0,0,0,0,0,0,0,0,0,0,0,0,0,0,0,0,0,0,2,0,0,1,4,0,0,0,0,0,0,0,0,2,0,0,0,0,3,0,0,0,0,0,0,0,0,0,0,0,0,0,0,0,0,0,0,0,0,0,0,0,0,0,0,0,0,0,1,0,0,0,0,0,0,1,0,1,0,0,0,0,0,0,0,14,1,0,0,0,1,0,0,0,0,0,0,0,0,0,0,0,0,0,0,0,3,0,0,1,3,1,0,0,0,3,0,0,1,0,0,0,0,2,0,0,0,0,0,0,2,0,0,0
702551,스파랜드 센텀시티,66,1,4,3,0,0,0,21,2,1,0,0,1,21,1,1,6,2,0,1,2,25,1,2,0,21,0,0,0,1,0,1,4,1,0,1,11,1,11,0,0,0,0,0,0,1,0,5,1,0,0,1,1,0,0,0,0,0,3,2,13,240,0,17,28,20,6,1,5,1,1,1,0,0,0,0,0,0,52,1,0,1,2,0,0,0,0,0,2,3,1,3,1,2,0,0,0,14,2,0,0,0,0,0,0,0,0,0,0,1,0,0,3,0,0,1,0,0,0,0,9,3,0,8,0,0,1,1,0,0,0,4,0,0,0,0,0,0,1,3,1,0,0,0,0,0,1,0,1,0,4,2,3,0,0,0,0,0,0,0,0,1,1,0,3,5,2,0,1,0,0,0,347,1,15,3,0,30,1,1,8,1,0,0,0,0,1,0,3,1,0,1,0,11,0,0,4,10,19,2,0,2,1,9,0,10,2,16,2,2,9,2,0,12,3,1,3,3,4,0,8
584698,스파레이,183,3,1,9,80,0,0,44,3,0,0,1,4,155,12,7,8,23,0,3,1,92,3,24,6,65,8,8,3,4,2,8,3,7,2,12,15,5,92,8,0,6,0,0,0,0,0,4,2,1,1,5,0,0,1,1,2,0,17,1,58,1137,1,118,166,269,53,18,19,15,4,30,1,3,2,0,0,0,336,10,3,13,5,10,9,2,4,3,13,3,1,14,25,14,0,1,0,39,19,1,3,0,0,3,1,2,0,0,1,0,0,0,7,3,3,5,0,1,0,0,19,4,1,2,1,0,0,11,0,0,0,1,0,0,0,0,1,1,2,7,1,0,2,0,3,0,1,0,1,0,0,0,0,0,2,0,1,0,0,1,0,0,9,0,6,8,9,19,1,0,0,4,2293,15,129,6,3,79,24,5,9,4,2,21,0,0,0,0,10,2,0,2,1,75,4,3,15,31,57,6,6,5,0,118,2,95,17,64,6,6,130,16,7,38,4,1,8,19,8,1,38
128732,스플라스 리솜,1,0,1,2,0,0,0,1,6,0,0,0,0,0,1,0,4,0,0,0,0,2,0,1,0,1,0,0,0,0,0,0,0,0,0,0,0,0,1,0,0,0,1,0,0,0,0,3,0,0,0,0,0,0,0,0,0,0,1,0,1,20,0,2,0,1,0,0,0,0,0,0,0,0,0,0,0,0,8,0,0,0,1,2,1,0,1,0,2,2,0,0,2,2,0,3,0,3,0,0,0,0,0,0,0,0,0,0,0,0,0,0,0,0,0,0,0,0,0,0,0,0,0,0,0,0,0,0,0,0,0,0,0,0,0,0,0,0,0,0,0,0,0,0,0,0,0,0,0,0,0,0,0,0,0,0,0,0,0,1,0,0,0,1,0,1,0,0,0,0,0,0,1,0,0,0,3,0,0,0,0,0,0,1,0,0,0,0,0,0,0,0,0,0,0,0,1,0,1,0,0,0,0,0,0,1,2,0,0,0,0,0,0,0,0,0,0,0,0,0,1
2794934,시그니엘 서울 리트릿 시그니엘 스파,119,2,0,3,4,0,0,23,3,0,0,0,1,61,6,0,5,5,0,2,0,45,1,4,4,37,3,0,0,0,0,4,0,5,0,6,12,1,43,2,0,3,0,0,0,0,0,6,2,1,0,3,0,0,1,2,1,0,11,0,27,679,0,70,96,208,36,8,14,13,2,23,1,1,1,0,0,0,216,3,2,0,3,2,1,1,0,2,11,2,0,1,2,6,0,0,0,21,5,1,1,0,0,0,1,1,0,0,0,0,1,0,6,2,2,5,0,0,0,0,15,3,1,2,2,1,0,11,0,1,0,0,0,0,0,0,1,0,2,4,1,0,1,0,3,0,1,0,1,0,0,0,0,0,0,0,2,0,0,0,0,0,12,1,6,3,4,13,2,0,0,1,1285,5,65,1,1,59,22,1,6,2,1,14,0,0,0,0,8,1,1,2,0,54,2,2,9,15,23,4,3,2,0,63,1,38,5,24,3,3,55,10,3,24,4,0,6,13,3,1,20
1601852,신북온천리조트,0,0,0,2,0,0,0,1,9,3,0,3,0,0,0,1,6,1,0,0,1,1,1,0,2,0,0,0,0,0,0,0,0,0,0,0,0,0,0,0,0,0,1,0,1,0,0,1,0,0,0,0,0,0,0,0,0,0,1,0,4,17,0,1,0,1,0,0,0,0,0,0,0,0,0,0,0,0,2,0,0,0,0,0,0,0,0,0,0,0,1,0,0,0,0,0,0,0,0,0,0,0,0,0,0,0,0,0,0,0,0,0,0,0,0,0,0,0,0,0,0,0,0,0,0,0,0,0,0,0,0,0,0,0,0,0,0,0,0,0,0,0,1,0,0,0,0,0,0,0,0,0,0,0,0,0,0,0,0,0,0,1,1,0,0,0,0,0,0,0,0,0,1,0,0,0,1,1,0,0,0,0,0,0,0,0,0,0,1,0,0,0,0,0,0,0,0,0,0,0,0,2,0,0,1,3,0,0,0,0,0,1,0,0,0,0,0,0,0,0,0
2751941,신천탕,3,0,0,0,1,0,0,9,8,0,0,2,0,0,1,1,2,1,0,0,1,8,0,1,0,2,0,0,0,0,0,0,0,0,0,0,0,0,1,0,0,0,3,0,0,0,0,5,0,0,0,0,0,0,0,0,0,0,1,0,1,60,0,5,5,5,3,1,1,0,0,1,0,0,0,0,0,0,27,0,0,1,0,0,2,0,1,0,1,4,1,0,1,3,0,2,0,1,1,0,0,0,0,0,0,0,0,0,0,0,2,0,1,0,0,1,0,0,0,0,2,0,0,0,0,6,0,1,0,0,0,0,0,0,0,0,0,0,0,1,0,0,0,0,0,0,0,0,0,0,0,0,0,0,0,0,0,0,0,0,0,0,1,0,0,2,1,0,0,0,0,0,24,0,1,0,1,1,0,0,1,0,0,0,0,0,0,0,1,0,0,0,0,4,0,0,1,4,0,1,1,1,0,2,0,1,0,2,0,1,3,0,0,0,0,0,0,0,0,0,0
127767,아산 스파비스,3,0,0,0,0,0,0,8,6,0,0,1,0,0,1,0,2,0,0,0,0,6,0,0,1,4,0,0,0,0,0,0,0,0,0,0,0,0,0,0,0,0,2,0,0,0,0,5,0,0,0,0,0,0,0,0,0,0,1,0,0,39,0,3,0,3,1,0,0,0,0,0,0,0,0,0,0,0,13,0,0,0,0,0,0,0,0,0,1,1,0,0,1,3,0,2,0,0,1,0,0,0,0,0,0,0,0,1,0,0,1,0,0,0,0,0,0,0,0,0,1,0,0,0,0,6,0,2,0,0,0,0,0,0,0,0,0,0,0,0,0,0,0,0,0,2,2,0,0,0,0,0,0,0,0,0,0,0,0,0,0,0,1,0,1,2,0,0,0,0,0,0,7,0,2,0,1,0,0,0,1,0,0,0,0,0,0,0,1,0,0,0,0,0,0,0,0,2,0,1,1,2,0,2,0,1,0,3,0,1,0,0,0,1,0,0,0,0,0,0,0
127958,아일랜드 리솜 오아식스 선셋스파,0,1,0,19,0,0,0,0,2,1,0,0,0,0,0,0,0,0,0,0,0,0,0,0,1,0,0,0,0,0,0,0,0,0,0,0,0,0,0,0,0,0,1,0,0,1,0,1,0,0,0,0,0,0,0,0,0,0,0,0,1,22,0,1,0,0,0,0,0,0,0,0,0,0,0,0,0,0,3,0,0,0,0,0,0,0,0,0,0,0,0,0,0,0,0,0,0,0,0,0,0,0,0,0,0,0,2,0,0,0,0,0,0,0,0,0,2,0,0,0,0,0,0,0,0,0,2,0,0,0,0,0,0,0,0,0,0,0,0,0,0,0,0,0,0,0,0,0,1,0,3,0,8,0,1,1,0,0,0,0,0,0,0,1,2,1,0,0,0,0,0,0,0,0,0,0,0,2,0,0,1,0,0,0,0,0,0,0,0,0,0,0,0,1,0,0,0,1,0,0,0,0,1,0,0,1,0,0,0,0,1,0,0,0,0,0,0,0,0,0,0
523982,안동병원,3,0,0,0,35,0,0,11,1,0,0,0,0,6,1,1,0,0,0,1,1,3,0,1,1,0,0,0,0,0,0,0,0,0,0,0,0,0,1,0,0,1,0,0,0,0,0,1,0,0,0,0,1,0,0,0,0,0,0,0,2,152,0,8,1,2,1,0,1,0,0,4,0,0,1,0,0,0,7,0,0,1,0,0,5,0,2,0,0,8,0,0,5,2,0,1,0,3,0,0,0,0,0,0,0,0,0,0,0,0,0,0,0,0,0,0,0,0,0,0,0,0,0,0,0,1,0,0,0,0,0,1,0,0,0,0,0,0,0,0,0,0,0,0,0,0,0,0,0,0,0,0,0,0,0,0,0,0,0,0,0,0,0,0,0,0,0,0,0,0,0,0,10,0,0,1,3,3,0,0,0,1,0,0,0,1,0,0,1,0,1,0,0,3,0,0,0,0,1,1,0,1,0,2,0,6,0,2,0,0,1,1,0,0,0,0,0,0,0,0,1
2738052,안동학가산온천,2,0,0,0,39,0,0,11,1,0,0,0,0,6,3,1,0,0,0,1,1,3,0,1,1,0,0,0,0,0,0,0,0,0,0,0,0,0,1,1,0,1,0,0,0,0,0,1,0,0,0,0,1,0,0,0,0,0,1,0,1,166,0,8,1,2,0,0,1,0,0,4,0,0,1,0,0,0,6,0,0,1,0,0,5,0,1,0,0,5,0,0,6,1,0,1,0,4,0,0,0,0,0,0,0,0,0,0,0,0,0,0,0,0,0,0,0,0,0,0,0,0,0,0,0,0,0,0,0,0,0,1,0,0,0,0,0,0,0,0,0,0,0,0,0,0,0,0,0,0,0,0,0,0,0,0,0,0,0,0,0,0,0,0,0,0,0,0,0,0,0,0,10,0,0,1,3,3,0,0,0,1,0,0,0,1,0,0,0,0,0,0,0,3,0,0,0,0,1,1,0,1,0,2,0,3,0,2,0,0,1,1,0,0,0,0,0,0,0,0,1
127380,안성 건강나라,2,0,0,2,0,0,0,1,7,0,1,0,0,0,2,0,3,0,0,0,0,1,2,0,0,1,0,0,0,0,0,0,0,0,0,0,0,0,1,0,0,0,0,1,1,0,0,1,1,0,0,0,0,0,0,0,1,0,4,0,2,27,0,0,0,0,0,0,0,0,0,0,0,0,0,0,0,0,6,0,0,0,1,0,0,0,0,1,1,3,0,0,0,2,0,3,0,1,1,0,0,0,0,0,0,0,0,5,0,0,1,0,0,0,0,0,0,0,0,0,3,0,0,0,0,5,0,0,0,0,0,0,0,0,0,0,0,0,0,0,0,0,0,0,0,0,4,0,0,0,0,0,0,0,0,1,0,0,0,0,0,0,1,0,1,0,0,0,0,0,0,0,0,0,2,0,3,0,0,0,0,0,0,0,0,0,0,0,2,0,0,0,0,0,0,0,0,2,0,0,0,0,0,0,0,4,0,0,0,0,1,1,0,0,0,0,0,0,0,0,0
128006,앙성온천지구,0,2,0,3,0,0,0,0,5,0,0,0,0,0,3,0,1,0,0,1,0,0,0,0,0,0,0,0,0,0,0,0,0,0,0,0,0,0,0,0,0,0,0,0,1,0,0,3,0,0,0,0,0,0,0,0,0,0,0,1,0,13,0,1,0,0,0,0,0,0,0,0,0,0,0,0,0,0,1,0,0,0,0,0,0,0,0,0,1,0,0,0,1,2,0,2,0,0,0,0,0,0,0,0,0,0,0,1,0,0,1,0,0,0,0,0,0,0,0,0,1,0,0,0,0,1,0,0,0,2,0,0,0,0,0,0,0,0,0,0,0,0,0,0,1,1,0,0,0,0,0,0,0,0,0,0,0,0,0,0,0,0,1,2,2,1,0,0,0,0,0,0,0,0,0,0,1,0,0,0,0,0,0,0,0,0,0,0,0,0,0,0,0,0,0,0,0,1,1,0,0,0,0,0,0,1,0,1,0,1,2,0,0,0,0,0,0,0,0,0,0
128020,앙성탄산온천,0,2,0,3,0,0,0,0,5,0,0,0,0,0,3,0,1,0,0,1,0,1,0,0,0,0,0,0,0,0,0,0,0,0,0,0,0,0,0,0,0,0,0,0,1,0,0,3,0,0,0,0,0,0,0,0,0,0,0,1,0,14,0,0,0,0,0,0,0,0,0,0,0,0,0,0,0,0,0,0,0,0,0,0,0,0,0,0,2,0,0,0,1,2,0,2,0,0,1,0,0,0,0,0,0,0,0,2,0,0,1,0,0,0,0,0,0,0,0,0,1,0,0,0,0,1,0,0,0,2,0,0,0,0,0,0,0,0,0,0,0,0,0,0,1,1,0,0,0,0,0,0,0,0,0,0,0,0,0,0,0,0,1,1,2,1,0,0,0,0,0,0,0,0,0,0,2,0,0,0,0,0,0,0,0,0,0,0,0,0,0,0,0,0,0,0,0,1,1,1,0,0,0,0,0,2,0,1,0,1,2,0,0,0,0,0,0,0,0,0,0
3391552,애월명가,24,2,0,12,0,1,0,5,4,0,2,1,0,3,1,0,0,0,1,0,0,1,0,1,1,4,0,0,0,0,0,0,0,0,0,1,0,0,0,0,0,1,2,0,5,1,0,1,0,0,0,1,0,0,1,0,1,0,0,0,5,95,0,7,13,9,6,1,1,2,0,5,1,0,0,0,0,0,55,0,1,0,0,0,0,0,0,0,0,0,0,0,1,0,0,0,0,3,0,0,0,0,0,0,0,0,0,1,0,0,0,0,0,0,0,0,0,0,0,0,2,2,3,0,0,0,0,0,0,0,0,0,0,0,0,0,0,0,0,2,1,0,1,1,0,1,0,0,0,1,5,1,5,0,0,0,0,0,0,0,0,0,1,0,2,3,0,0,0,0,1,0,103,2,0,2,2,1,0,0,0,0,0,0,0,0,1,0,5,0,0,0,0,0,0,0,1,0,1,0,0,0,4,0,0,1,0,2,0,0,4,0,0,0,0,1,0,0,0,0,0
3037525,애월테라피 아로마마사지,17,2,0,11,0,1,0,5,3,0,2,1,0,2,0,0,0,0,1,0,0,0,0,1,1,4,0,0,0,0,0,0,0,0,0,0,0,0,0,0,0,1,2,0,5,1,0,1,0,0,0,1,0,0,1,0,1,0,0,0,5,66,0,6,12,8,6,1,1,2,0,5,1,0,0,0,0,0,54,0,0,0,0,0,0,0,0,0,0,0,0,0,1,0,0,0,0,2,0,0,0,0,0,0,0,0,0,0,0,0,0,0,0,0,0,0,0,0,0,0,2,2,3,0,0,0,0,0,0,0,0,0,0,0,0,0,0,0,0,2,1,0,1,1,0,1,0,0,0,1,3,1,5,0,0,0,0,0,0,0,0,0,1,0,2,2,0,0,0,0,1,0,88,1,0,2,1,2,0,0,0,0,0,0,0,0,0,0,4,0,0,0,0,0,0,0,0,0,1,0,0,0,4,0,0,0,0,1,0,0,2,0,0,0,0,1,0,0,0,0,0
3526115,약석원,2,0,0,4,2,0,0,0,11,0,1,2,1,0,1,0,3,2,1,0,0,0,0,1,0,1,0,0,0,0,0,0,0,0,0,0,0,0,0,0,0,0,3,0,0,0,0,0,0,1,0,0,0,0,0,0,0,0,0,0,5,47,0,2,2,1,0,0,0,0,0,1,0,0,0,0,0,0,12,0,0,2,5,1,2,0,0,2,0,2,0,0,3,1,0,0,0,0,2,0,0,0,0,0,0,1,0,0,0,0,0,0,0,0,0,0,0,0,0,0,10,0,0,0,0,4,0,0,0,0,0,0,0,0,0,0,0,0,1,2,0,0,0,0,0,0,0,0,2,0,5,0,0,0,1,0,0,0,0,0,0,0,0,0,0,1,0,0,0,0,0,0,0,1,1,3,0,3,0,0,0,0,0,0,0,0,0,0,0,0,0,0,0,0,0,0,0,1,0,0,0,0,0,1,0,2,1,0,0,0,0,1,0,0,0,0,0,0,0,0,0
2732168,양지유황천,4,0,0,3,1,0,0,5,13,1,0,1,1,0,0,0,0,1,0,0,0,5,1,0,0,0,0,0,0,0,0,1,0,0,0,0,0,0,1,1,0,0,1,0,3,0,0,1,1,0,0,0,0,0,0,0,0,0,3,0,7,99,1,5,1,3,1,0,1,0,0,0,0,0,0,0,0,0,32,1,0,0,0,0,0,0,0,0,0,1,0,0,0,0,1,0,0,3,2,0,0,0,0,0,0,0,0,6,0,0,5,2,0,1,0,0,0,0,0,0,4,0,0,0,1,7,0,1,0,0,0,0,1,0,0,0,0,0,0,2,0,0,0,0,0,0,2,0,0,0,0,0,0,0,0,0,0,0,0,0,0,0,2,0,1,0,0,0,1,0,0,0,121,1,0,0,2,1,1,0,0,0,0,0,0,0,0,0,2,0,0,0,0,3,0,0,0,4,0,2,0,0,0,2,0,1,0,2,0,0,2,1,0,1,0,0,1,1,0,0,0
3526092,에스엠비 웰니스 센터,5,1,0,0,0,0,0,1,2,0,2,1,0,4,1,0,1,0,0,0,0,3,1,0,1,0,0,0,0,0,0,0,0,0,0,0,0,0,2,0,0,0,0,0,0,1,0,1,0,0,0,1,0,0,0,0,0,0,0,0,4,77,0,3,4,6,2,0,1,1,0,1,0,0,0,0,0,0,37,1,0,0,0,0,0,0,0,0,0,1,0,0,0,0,0,0,0,6,0,0,0,0,0,0,0,0,0,1,0,0,0,0,0,0,0,0,0,0,0,0,1,1,0,0,0,0,1,1,0,0,0,1,0,0,0,0,0,0,0,0,0,0,0,0,0,0,0,0,0,0,5,0,3,0,0,0,0,0,0,0,0,0,0,0,0,2,0,0,2,0,0,0,231,0,1,1,0,4,0,0,0,0,0,0,0,0,1,0,1,0,0,0,0,2,1,0,0,0,1,1,0,0,0,0,0,0,1,3,0,2,0,1,0,1,0,0,0,0,0,0,0
3060891,에스투뷰텍 뷰라운지,23,1,0,3,10,0,0,11,2,0,0,0,0,9,6,1,1,1,0,4,2,13,1,2,6,12,0,0,0,0,0,0,1,0,0,1,1,0,3,2,0,0,1,0,0,0,0,0,1,1,0,1,0,0,0,0,0,0,6,0,8,138,0,15,14,20,5,2,5,0,1,6,0,0,0,0,0,0,44,0,0,0,1,0,3,0,0,0,2,18,0,5,5,6,0,0,0,12,3,0,1,0,0,0,1,1,0,0,0,0,0,0,5,1,0,0,0,0,0,0,6,0,0,0,0,0,0,2,0,0,0,0,0,0,0,0,0,0,1,0,0,0,0,0,0,1,3,0,0,0,0,0,0,0,1,0,0,0,0,0,0,0,6,0,3,0,1,0,0,0,1,0,161,3,4,0,3,38,1,1,1,1,0,0,0,0,0,0,10,1,0,1,0,20,0,0,3,8,23,3,0,1,1,18,0,8,4,11,1,1,8,5,0,8,0,1,7,3,4,0,3
2718732,엘리바덴 월성점,24,1,0,3,10,0,0,12,4,0,0,0,0,9,5,1,1,1,0,4,2,13,0,2,6,10,0,0,0,0,0,0,0,1,0,3,1,0,2,1,0,1,2,0,0,0,0,2,1,1,0,1,0,0,0,0,0,0,5,0,7,132,0,15,15,20,4,2,4,0,1,5,0,0,0,0,0,0,37,0,1,0,0,0,3,0,2,0,0,15,0,4,3,4,0,0,0,9,3,0,0,0,0,0,1,1,0,0,0,0,3,0,3,1,1,0,0,0,0,0,4,0,0,0,0,0,0,2,0,0,0,0,0,0,0,0,0,0,1,0,1,0,0,0,0,1,3,0,1,0,0,0,0,0,0,0,1,0,0,0,0,0,4,0,3,1,1,0,0,0,0,0,134,2,3,0,1,41,1,1,1,0,0,0,0,0,0,0,8,1,0,1,0,18,0,0,2,8,24,3,1,1,1,17,0,8,4,11,1,0,6,5,0,6,0,1,5,3,3,0,3
1179738,여주온천,1,0,0,0,0,0,0,1,3,0,0,0,0,0,0,0,0,0,0,0,1,0,1,0,0,0,0,0,0,0,0,0,0,0,0,0,0,0,1,0,0,0,0,0,2,0,0,1,1,0,0,0,0,0,0,0,0,0,0,0,1,40,0,2,0,1,1,0,0,0,0,0,0,0,0,0,0,0,5,1,0,0,0,0,0,1,0,0,1,3,0,0,1,1,0,0,0,1,0,0,0,0,0,0,0,0,0,4,0,0,0,0,0,0,0,0,0,0,0,0,1,1,0,0,0,1,0,1,0,0,0,0,0,0,0,0,0,0,0,0,0,0,0,0,0,0,1,0,1,0,0,0,0,0,1,0,0,0,0,0,0,0,0,0,1,0,0,0,0,0,0,0,0,0,0,0,1,1,0,0,0,0,0,0,0,0,0,0,1,0,0,0,1,2,0,0,2,1,0,0,0,1,1,1,0,4,1,1,0,0,2,1,0,0,0,0,0,1,0,0,0
128699,여주참숯마을,1,0,0,0,0,0,0,1,4,0,1,0,0,0,0,0,0,0,0,0,1,0,1,0,0,0,0,0,0,0,0,0,0,0,0,0,0,0,1,0,0,0,0,0,2,0,0,1,1,0,0,0,0,0,0,0,0,0,0,0,1,46,0,2,0,1,0,0,0,0,0,0,0,0,0,0,0,0,7,1,0,0,0,0,0,1,0,0,1,4,0,0,1,1,0,0,0,1,0,0,0,0,0,0,0,0,0,7,0,0,0,0,0,0,0,0,0,0,0,0,1,2,1,0,0,0,0,1,0,0,0,2,0,0,0,0,0,0,0,0,0,0,0,0,0,0,0,0,1,0,0,0,0,0,1,0,0,0,0,0,0,0,0,0,1,0,0,0,1,0,0,0,99,0,0,0,1,1,0,0,0,1,0,0,0,0,0,0,2,0,0,0,1,2,0,0,3,2,0,0,0,1,1,1,0,5,1,1,0,0,2,1,0,0,0,0,0,0,0,0,0
127914,연산온천파크,0,0,0,5,0,0,0,0,5,0,0,0,0,0,0,0,0,0,0,0,0,0,0,0,0,0,0,0,0,0,0,0,0,0,0,0,0,0,0,0,0,0,1,0,0,0,0,1,0,0,0,0,0,0,0,0,0,0,1,0,1,4,0,0,0,0,0,0,0,0,0,0,0,0,0,0,0,0,2,0,0,0,0,0,0,0,0,0,0,1,0,0,0,0,0,0,0,0,0,0,0,0,0,0,0,0,0,0,0,0,0,0,0,0,0,0,0,0,0,0,0,1,0,0,0,0,0,0,0,0,0,0,0,0,0,0,0,0,0,0,0,1,0,0,0,0,0,0,0,0,0,0,6,0,0,0,0,0,0,0,0,0,0,0,1,0,0,0,0,0,0,0,0,0,0,0,1,0,0,0,1,0,0,0,0,0,0,0,0,0,0,0,0,0,0,0,0,1,0,0,0,0,1,0,0,0,2,0,0,0,0,0,0,0,0,0,0,0,0,0,0
126648,영일만온천,9,0,0,0,1,0,0,9,2,0,0,2,0,2,3,1,0,0,0,0,1,2,0,0,0,0,0,0,0,0,0,0,0,0,0,0,0,0,1,0,0,0,0,0,1,0,0,2,0,0,0,0,0,0,0,0,0,0,2,1,1,31,0,0,4,1,0,0,0,0,0,1,0,0,0,0,0,0,7,0,0,0,0,0,1,0,1,1,0,5,0,0,1,0,0,0,0,2,0,0,0,0,0,0,0,0,0,0,0,0,0,0,0,0,0,0,0,0,0,0,1,0,0,0,0,0,0,0,0,0,0,0,0,0,0,0,0,0,0,1,0,0,0,0,1,0,0,0,0,0,0,0,2,0,0,0,0,0,0,0,0,1,2,1,0,0,0,0,0,0,0,0,5,1,0,0,0,13,0,0,0,0,0,0,0,0,0,0,3,0,0,0,0,3,0,0,0,1,0,0,1,0,0,3,0,1,1,0,0,1,0,2,0,0,0,0,0,0,0,0,1
3030663,영주온천랜드,0,0,0,1,6,0,0,3,1,0,0,0,0,0,0,0,1,0,0,0,1,1,1,0,1,1,0,0,0,0,0,0,0,0,0,0,0,0,0,1,0,0,0,0,0,0,0,1,0,0,0,0,0,0,0,0,0,0,1,0,4,41,0,2,2,2,0,0,1,0,0,1,0,0,0,0,0,0,3,0,0,0,0,0,2,0,0,0,0,6,1,0,0,0,0,1,0,2,0,0,0,0,0,0,0,0,0,0,0,0,1,0,0,0,0,0,0,0,0,0,0,0,0,0,0,0,0,0,0,0,0,0,0,0,0,0,0,0,0,0,0,0,0,0,0,0,0,0,0,0,0,0,0,0,0,0,0,0,1,0,0,0,0,0,1,0,0,0,0,0,0,0,2,0,0,0,2,3,0,0,0,0,0,0,0,0,0,0,1,0,0,0,1,2,0,0,0,0,1,0,0,0,0,0,0,1,0,0,0,0,0,1,0,0,0,0,0,1,0,0,0
127178,예천온천,0,0,0,0,2,0,0,0,2,0,0,0,0,0,2,0,0,0,0,0,0,1,0,0,0,1,0,0,0,0,0,0,0,0,0,0,0,0,0,1,0,0,0,0,0,0,0,1,0,0,0,0,0,0,0,0,0,0,0,0,0,8,0,0,0,0,0,0,0,0,0,1,0,0,0,0,0,0,1,0,0,0,0,0,0,0,0,0,0,4,0,0,0,0,0,0,0,1,0,0,0,0,0,0,0,0,0,0,0,0,0,0,0,0,0,0,0,0,0,0,0,0,0,0,0,0,0,0,0,0,0,0,0,0,0,0,0,0,0,0,0,0,0,0,0,0,0,0,0,0,0,0,0,0,1,0,0,0,0,0,0,0,0,0,1,0,0,0,0,0,0,0,0,0,0,0,1,1,0,0,0,0,0,0,0,0,0,0,1,0,0,0,1,1,0,0,0,0,0,0,0,0,0,1,0,1,0,0,0,0,0,1,0,0,0,0,1,0,0,0,0
2660964,오도산치유의숲,0,0,0,0,0,0,0,0,4,0,0,0,0,0,0,0,0,0,0,0,0,0,0,0,0,0,0,0,0,0,0,0,0,0,0,0,0,0,0,0,0,0,0,0,0,0,0,0,0,0,0,0,1,0,0,0,0,0,0,0,0,2,0,0,0,0,0,0,0,0,0,0,0,0,0,0,0,0,1,0,0,0,0,0,0,0,0,0,0,1,0,0,1,0,0,0,0,0,0,0,0,0,0,0,0,0,0,0,0,0,0,0,0,0,0,0,0,0,0,0,0,0,0,0,0,0,0,0,0,0,0,0,0,0,0,0,0,0,0,0,0,0,0,0,0,1,0,0,0,0,0,0,0,0,0,0,0,0,0,0,0,0,0,0,0,0,0,0,0,0,0,0,0,0,0,0,0,0,0,0,0,0,0,0,0,0,0,0,0,0,0,0,0,0,0,0,0,0,0,0,0,0,0,0,0,0,0,0,0,0,0,0,0,0,0,0,0,0,0,0,0
2028987,오두산 치유숲,0,0,0,0,1,0,0,1,4,0,0,0,0,0,3,0,1,0,0,0,0,0,0,0,0,1,0,0,0,0,0,0,0,0,0,0,0,0,0,0,0,0,3,0,0,0,0,0,0,0,0,0,1,0,0,0,0,0,0,0,3,10,0,0,0,0,1,0,0,0,0,0,0,0,0,0,0,0,1,0,0,0,1,0,0,0,1,0,0,4,0,0,0,0,0,0,0,2,0,0,0,0,0,0,0,0,0,0,0,0,0,0,0,0,0,0,0,0,0,0,0,0,0,0,0,0,0,1,0,0,0,0,0,0,0,0,0,0,0,0,0,0,0,0,0,0,0,0,0,0,0,0,0,0,0,0,0,0,0,0,0,0,0,0,1,0,0,0,0,0,0,0,0,0,0,0,1,1,0,0,0,0,0,0,0,0,0,0,0,0,0,0,0,2,0,0,0,0,0,0,0,0,0,0,0,1,0,0,0,1,1,1,0,1,0,0,1,0,0,0,0
3343597,오레브핫스프링앤스파,15,2,0,23,0,0,0,5,2,0,2,0,1,10,1,0,0,1,0,0,0,2,1,0,5,2,0,0,0,0,0,1,0,0,0,0,0,0,3,0,0,0,0,0,7,0,0,0,0,0,0,1,0,0,0,0,0,0,0,2,1,70,0,3,8,5,1,0,4,0,0,3,0,0,0,0,0,0,28,1,0,0,0,0,1,0,0,0,0,1,0,0,2,0,0,0,0,1,0,0,0,0,0,0,0,0,1,0,0,0,1,0,0,0,0,0,0,0,0,0,7,0,0,1,3,0,1,1,0,0,0,1,0,0,0,0,0,0,2,2,1,4,4,0,0,0,0,0,2,0,6,5,0,1,0,1,0,1,0,1,0,1,1,0,2,1,0,0,0,0,0,0,21,0,1,2,1,1,0,0,0,2,0,0,0,0,0,0,1,0,0,0,0,2,0,0,0,2,1,1,0,0,4,2,0,3,1,2,0,0,2,1,0,1,0,0,1,1,0,0,1
127952,오색탄산온천,1,0,0,0,0,0,0,0,6,0,0,0,0,0,0,0,1,1,0,0,0,0,0,0,0,0,0,0,0,0,0,0,0,0,0,0,0,0,0,1,0,0,0,0,0,0,0,1,0,0,0,0,0,0,0,0,0,0,1,0,0,4,0,0,0,0,0,0,0,0,0,0,0,0,0,0,0,0,0,0,0,0,0,0,0,0,0,0,0,0,0,0,0,1,0,0,0,1,0,0,0,0,0,0,0,0,0,0,0,0,0,0,0,0,0,0,0,0,0,0,0,0,0,0,0,0,0,0,0,0,0,0,0,0,0,0,0,0,0,1,0,2,1,1,0,0,0,0,0,0,0,0,0,0,0,0,0,0,1,0,0,0,0,0,0,0,0,0,0,0,0,0,0,0,0,0,0,0,0,0,0,0,0,0,0,0,0,0,0,0,0,0,0,0,0,0,0,0,0,0,0,0,0,0,0,0,0,0,0,0,0,0,0,0,0,0,0,0,0,0,0
2518733,오휘&후스파 명동,168,3,1,9,80,0,0,43,2,0,0,0,3,154,11,7,6,24,0,3,0,94,3,22,7,67,8,8,3,4,2,8,3,7,2,12,14,4,93,8,0,6,0,0,0,0,0,2,2,1,1,5,0,0,1,0,2,0,19,1,58,1034,1,112,153,260,52,18,19,13,4,30,1,2,2,0,0,0,312,11,3,13,5,11,9,2,4,2,10,2,1,16,23,14,0,0,1,43,19,1,3,0,0,2,1,3,0,0,0,0,0,0,6,2,3,5,0,1,0,0,24,4,1,2,1,0,0,12,0,0,0,1,0,0,0,0,0,0,1,9,1,1,3,0,4,0,0,0,1,0,0,0,0,0,2,1,1,0,0,1,0,0,3,0,5,10,9,19,1,0,0,4,2170,15,120,6,3,74,21,5,9,4,2,20,0,0,0,0,6,1,0,2,0,63,3,4,11,29,53,7,8,5,0,113,2,94,17,66,5,5,133,14,7,45,5,2,6,14,8,1,37
2784267,옥종불소유황천,0,0,0,0,0,0,0,0,2,0,0,0,0,0,1,0,0,0,0,0,0,1,0,0,1,1,0,0,0,0,0,0,0,0,0,0,0,0,0,0,0,0,5,1,1,0,0,1,0,0,0,0,0,0,0,0,0,0,0,0,0,0,0,0,0,1,0,0,0,0,0,0,0,0,0,0,0,0,0,0,0,0,0,0,0,0,0,0,0,2,0,0,0,0,0,0,0,0,0,0,0,0,0,0,0,0,0,0,0,0,0,0,0,0,0,0,0,0,0,0,1,0,0,0,0,0,0,0,0,0,0,0,0,0,0,0,0,0,0,0,0,0,0,0,0,0,0,0,0,0,0,0,0,0,0,0,0,0,0,0,0,0,0,0,0,0,0,0,0,0,0,0,0,0,0,0,0,0,0,0,0,0,0,0,0,0,0,0,0,0,0,0,0,0,0,0,0,0,0,0,0,0,0,0,0,0,0,1,0,0,1,0,0,0,0,0,0,0,0,0,0
3046172,온양 온천 랜드,7,0,0,0,1,0,0,13,8,0,0,1,0,0,1,1,2,1,0,0,1,8,0,1,0,2,0,0,0,0,0,0,0,0,0,0,0,0,1,0,0,0,3,0,0,0,0,5,0,0,0,0,0,0,0,0,0,0,1,0,1,75,0,8,9,5,3,1,1,0,0,1,0,0,0,0,0,0,30,0,0,1,0,0,2,0,1,0,1,4,1,0,1,3,0,2,0,1,1,0,0,0,0,0,0,0,0,0,0,0,2,0,1,0,0,1,0,0,0,0,2,0,0,0,0,5,0,1,0,0,0,0,0,0,0,0,0,0,0,1,0,0,0,0,0,0,1,0,0,0,0,0,0,0,0,0,0,0,0,0,0,0,1,0,0,1,1,0,0,0,0,0,32,0,1,0,1,2,0,0,1,0,0,0,0,0,0,0,1,1,0,0,0,4,0,0,2,4,0,2,1,1,0,3,0,1,0,3,0,1,3,0,0,0,0,0,0,0,1,0,1
2037031,온양관광호텔 온천탕,3,1,0,0,1,0,0,9,8,0,0,2,0,0,1,1,3,1,0,0,1,8,0,1,0,2,0,0,0,0,0,0,0,0,0,0,0,0,1,0,0,0,3,0,0,0,0,5,0,0,0,0,0,0,0,0,0,0,1,0,1,53,0,5,5,4,3,1,1,0,0,0,0,0,0,0,0,0,23,0,0,1,0,0,2,0,1,0,1,4,1,0,1,3,0,2,0,1,1,0,0,0,0,0,0,0,0,0,0,0,2,0,0,0,0,1,0,0,0,0,2,0,0,0,0,6,0,1,0,0,0,0,0,0,0,0,0,0,0,0,0,0,0,0,0,0,0,0,0,0,0,0,0,0,0,0,0,0,0,0,0,0,1,0,0,2,1,0,0,0,0,0,24,0,1,0,1,0,0,0,1,0,0,0,0,0,0,0,1,0,0,0,0,3,0,0,1,4,0,1,1,1,0,2,0,1,0,2,0,1,3,0,0,0,0,0,0,0,0,0,0
125856,온양온천지구,3,1,0,0,1,0,0,9,8,0,0,2,0,0,1,1,3,1,0,0,1,8,0,1,0,2,0,0,0,0,0,0,0,0,0,0,0,0,1,0,0,0,3,0,0,0,0,5,0,0,0,0,0,0,0,0,0,0,1,0,1,54,0,5,5,4,3,1,1,0,0,0,0,0,0,0,0,0,23,0,0,1,0,0,2,0,1,0,1,4,1,0,1,3,0,2,0,1,1,0,0,0,0,0,0,0,0,0,0,0,2,0,0,0,0,1,0,0,0,0,2,0,0,0,0,6,0,1,0,0,0,0,0,0,0,0,0,0,0,0,0,0,0,0,0,0,0,0,0,0,0,0,0,0,0,0,0,0,0,0,0,0,1,0,0,2,1,0,0,0,0,0,24,0,1,0,1,0,0,0,1,0,0,0,0,0,0,0,1,0,0,0,0,3,0,0,1,4,0,1,1,1,0,2,0,1,0,2,0,1,3,0,0,0,0,0,0,0,0,0,0
2589659,올리바인 스파,137,2,1,9,100,0,0,34,4,0,0,0,3,138,11,7,5,23,0,2,0,77,2,21,5,48,7,8,3,4,2,8,3,6,2,7,5,4,78,8,0,5,0,0,0,0,0,1,1,0,1,4,0,0,1,0,2,0,18,1,56,918,1,102,130,210,47,16,18,13,3,28,0,2,2,0,0,0,297,11,3,13,5,11,9,2,5,2,7,2,1,15,21,12,0,0,1,29,18,1,3,0,0,2,1,3,0,2,0,0,0,0,4,0,3,4,0,1,0,0,26,3,0,2,1,0,0,10,0,0,0,1,0,0,0,0,0,0,0,7,0,1,3,0,3,0,0,0,1,0,0,0,0,0,2,1,1,0,0,1,0,0,1,0,5,10,7,16,1,0,0,4,1877,15,116,6,3,64,20,5,6,3,2,14,0,0,0,0,4,2,0,0,0,55,1,4,11,27,51,7,8,4,0,93,2,88,16,62,3,3,121,11,6,39,1,1,5,13,7,0,32
3081515,완도해양치유센터,1,0,0,0,0,0,0,1,0,1,0,0,0,0,0,0,0,1,0,0,0,1,0,0,1,1,0,0,0,0,0,0,0,0,0,0,0,0,1,0,0,0,1,0,0,0,0,0,0,0,0,0,1,0,0,0,0,0,0,1,1,19,0,1,1,0,0,0,0,0,0,0,0,0,0,0,0,0,2,0,0,0,0,0,0,0,0,0,0,1,0,0,0,0,0,0,0,0,0,0,0,0,0,0,0,0,0,0,0,0,0,0,0,0,0,0,0,0,0,0,0,0,0,0,0,0,2,0,0,0,0,0,0,0,0,0,0,0,0,0,0,0,0,0,0,0,0,0,0,0,1,0,2,0,0,0,0,0,0,0,0,0,0,0,0,0,0,0,0,0,0,0,0,0,0,0,1,1,0,0,0,1,0,1,0,0,0,0,0,0,0,0,0,1,0,0,0,1,0,1,0,0,0,1,0,0,1,2,0,0,0,1,0,0,0,0,0,0,0,0,0
250412,용두암해수랜드,26,0,0,2,0,1,0,7,1,0,0,1,0,3,0,0,0,2,1,0,1,5,0,4,0,4,0,0,0,0,0,0,0,0,1,1,0,0,3,0,0,0,1,0,6,0,0,0,1,0,0,0,0,0,1,0,0,0,0,0,1,143,0,11,13,9,9,2,4,3,0,6,1,0,0,0,0,1,55,0,2,2,1,0,0,0,0,0,0,4,0,0,3,1,0,1,0,3,0,0,0,0,0,0,0,0,0,2,0,0,3,0,0,0,0,0,0,0,0,0,3,0,0,0,0,0,1,0,0,0,0,0,0,0,0,0,0,0,0,4,0,0,3,1,0,0,0,0,0,0,6,1,4,0,1,0,0,0,0,0,0,0,0,0,2,6,0,0,0,0,2,0,190,2,7,7,1,7,0,0,1,1,0,0,0,0,3,0,2,0,0,0,0,5,1,0,1,1,4,0,0,0,2,2,0,3,1,5,0,0,6,1,0,0,0,0,0,0,1,0,2
2756589,우리유황온천,146,2,1,4,14,0,0,27,4,0,0,0,3,77,8,2,3,10,0,2,0,66,3,13,5,50,5,3,0,3,0,4,2,5,1,8,12,1,70,2,0,4,0,0,0,0,0,5,2,1,0,4,0,0,1,2,2,0,13,0,35,853,1,84,115,222,47,10,12,13,2,27,1,1,2,0,0,0,252,6,3,5,4,5,5,1,3,3,14,0,0,5,11,9,0,0,0,27,12,1,3,0,0,0,2,2,0,0,0,0,1,0,8,2,2,5,0,0,0,0,16,3,1,2,2,1,0,13,0,0,0,0,0,0,0,0,1,0,2,6,1,0,1,0,3,0,0,0,1,0,0,0,0,0,1,0,2,0,0,1,0,0,8,1,7,3,7,16,2,0,0,3,1519,10,85,6,4,58,22,2,7,4,1,17,0,0,0,0,11,1,1,2,0,54,1,3,11,21,34,5,2,4,0,80,1,55,7,43,5,6,78,15,5,31,4,1,6,13,4,1,24
1845544,원마운트 워터파크,15,0,0,0,1,0,0,8,6,0,0,0,1,4,3,1,1,1,0,0,0,12,0,0,4,8,0,0,0,1,1,0,2,0,0,0,3,0,5,0,0,1,1,0,2,0,0,1,1,0,0,0,0,0,0,0,0,0,5,2,6,240,0,25,27,35,9,2,0,1,0,4,0,0,0,0,0,0,112,0,0,0,0,0,0,0,0,0,2,7,0,1,0,0,0,0,0,7,0,0,0,0,0,0,2,1,0,5,0,0,2,0,3,0,0,1,0,1,0,0,8,0,1,1,0,4,1,1,0,0,0,0,0,0,0,0,0,0,0,1,0,0,0,0,1,0,0,0,0,0,0,0,0,0,0,0,3,1,0,0,0,0,3,1,2,2,0,0,1,0,0,0,409,0,2,0,3,2,3,0,1,0,1,0,0,0,0,0,0,0,0,1,1,15,0,0,13,9,6,2,2,1,0,6,0,7,1,13,1,0,6,3,0,6,0,0,1,1,0,0,4
2774546,월드온천24,11,0,0,4,5,1,0,6,3,0,0,1,0,1,1,0,1,0,0,1,1,3,2,1,0,6,0,2,0,0,1,0,0,0,0,0,0,0,2,1,1,2,0,1,0,0,0,1,0,0,0,0,0,0,0,0,0,0,0,0,0,63,0,6,2,5,0,0,0,0,0,0,0,1,0,1,0,1,39,0,0,0,1,1,0,0,1,0,0,1,2,0,2,6,0,1,0,2,1,0,0,0,0,0,0,1,0,0,0,0,0,0,0,0,0,0,0,0,0,0,2,0,0,0,0,1,0,0,0,0,0,1,0,0,0,0,0,0,0,3,0,0,0,0,0,0,0,0,0,0,0,0,0,0,0,0,0,0,0,0,0,0,0,0,1,0,0,0,0,0,0,0,82,0,0,2,2,6,0,0,1,2,0,3,0,0,0,0,2,0,1,0,0,2,0,1,1,6,6,0,1,0,0,3,0,8,1,1,0,0,1,1,0,2,0,0,0,1,0,0,2
631411,월문온천 휴양지,6,0,0,0,0,0,0,1,3,1,0,0,0,0,0,0,0,0,0,0,0,0,0,0,0,0,0,0,0,0,0,0,0,0,0,0,0,0,0,0,0,1,2,1,5,0,0,5,0,0,0,0,0,0,0,0,1,0,1,0,0,15,0,1,1,3,1,0,0,0,0,0,0,0,0,0,0,0,10,0,0,0,0,0,1,1,0,0,0,0,0,0,1,0,0,0,0,0,1,0,0,0,0,0,0,0,0,1,0,0,2,0,0,0,1,0,0,0,0,0,0,0,0,0,0,5,0,0,0,0,0,0,0,0,0,0,0,0,0,0,0,0,0,0,0,0,1,0,0,0,1,0,0,0,0,0,0,0,0,0,0,0,0,2,1,0,0,0,0,0,0,0,5,0,0,0,1,1,0,0,0,0,0,0,0,0,0,0,0,0,2,0,0,1,0,0,0,4,0,0,0,0,0,1,0,1,2,1,0,0,0,1,0,0,0,0,0,0,0,0,0
2605899,유성 족욕체험장,15,0,0,0,0,0,0,4,4,0,0,1,0,0,8,0,2,0,0,0,1,13,3,0,1,7,1,1,0,0,0,2,1,0,0,0,1,1,4,0,0,0,0,0,0,0,0,3,0,0,0,0,0,0,0,0,0,0,6,0,5,226,2,28,28,28,6,3,3,0,0,1,0,0,0,0,0,0,54,1,1,0,0,0,0,1,0,0,0,9,2,0,9,1,0,0,1,5,0,0,1,0,1,0,1,0,0,2,0,0,1,0,2,0,0,0,0,0,0,0,1,0,0,0,0,0,0,1,0,0,0,0,0,0,0,0,0,0,1,2,0,0,0,0,1,0,1,0,0,0,0,0,0,0,1,0,0,0,0,0,0,0,1,0,1,1,2,0,1,0,0,0,50,0,3,1,1,13,2,0,1,1,0,0,0,0,0,0,2,0,1,2,1,11,1,1,4,7,4,1,0,1,0,11,1,8,0,11,1,1,3,4,0,5,1,0,4,3,0,0,3
125858,유성온천지구,15,0,0,0,0,0,0,4,4,0,0,1,0,0,8,0,2,0,0,0,1,13,3,0,1,7,1,1,0,0,0,2,1,0,0,0,1,1,4,0,0,0,0,0,0,0,0,3,0,0,0,0,0,0,0,0,0,0,6,0,5,226,2,28,28,28,6,3,3,0,0,1,0,0,0,0,0,0,54,1,1,0,0,0,0,1,0,0,0,9,2,0,9,1,0,0,1,5,0,0,1,0,1,0,1,0,0,2,0,0,1,0,2,0,0,0,0,0,0,0,1,0,0,0,0,0,0,1,0,0,0,0,0,0,0,0,0,0,1,2,0,0,0,0,1,0,1,0,0,0,0,0,0,0,1,0,0,0,0,0,0,0,1,0,1,1,2,0,1,0,0,0,50,0,3,1,1,13,2,0,1,1,0,0,0,0,0,0,2,0,1,2,1,11,1,1,4,7,4,1,0,1,0,11,1,8,0,11,1,1,3,4,0,5,1,0,4,3,0,0,3
128003,율암온천숯가마 테마파크,7,0,0,0,0,0,0,0,3,1,0,0,0,0,0,0,0,0,0,0,0,0,0,0,0,1,0,0,0,0,0,0,0,0,0,0,0,0,0,0,0,0,0,1,3,0,0,5,0,0,0,0,0,0,0,0,1,0,1,0,0,17,0,1,1,4,1,0,0,0,0,0,0,0,0,0,0,0,11,0,0,0,0,0,1,1,0,0,1,0,0,0,1,0,0,0,0,0,2,0,0,0,0,0,0,0,0,1,0,0,4,0,0,0,0,0,0,0,0,0,0,0,0,0,0,4,0,0,0,0,0,0,0,0,0,0,0,0,0,0,0,0,0,0,0,0,1,0,0,0,1,0,0,0,0,0,0,0,0,0,0,0,0,1,1,0,0,0,0,0,0,0,6,0,0,0,2,1,0,0,0,0,0,0,0,0,0,0,0,0,1,0,0,1,0,0,1,3,0,0,0,0,0,1,0,1,1,1,0,0,0,1,0,0,0,0,0,0,0,0,1
2604923,율포해수녹차센터,0,1,0,9,1,0,0,1,1,2,0,0,0,0,1,1,0,0,0,0,0,0,0,0,0,0,0,0,0,0,0,0,0,0,0,0,0,0,0,0,0,0,1,0,0,0,0,1,0,0,0,0,0,0,0,0,0,0,2,0,1,15,0,0,0,0,0,0,0,0,0,0,0,0,0,0,0,0,1,0,0,0,0,0,0,0,0,0,0,0,0,0,0,0,0,0,0,0,0,0,0,0,0,0,0,0,0,0,0,0,0,0,0,0,0,0,0,0,0,0,0,0,0,0,0,0,0,0,0,0,0,0,0,0,0,0,0,0,0,0,0,0,0,0,0,0,0,0,0,0,2,0,2,0,0,0,0,0,0,0,0,0,0,0,1,0,0,0,0,0,0,0,0,0,1,0,1,0,0,0,1,0,0,0,0,0,0,0,0,0,0,0,0,0,0,0,0,0,0,1,0,0,1,0,0,0,0,2,0,0,0,0,0,0,0,0,0,0,0,0,0
126728,의성 탑산약수온천,0,0,0,0,0,0,0,0,0,0,0,0,0,0,0,0,0,0,0,0,0,0,0,1,0,1,0,0,0,0,0,0,0,0,0,0,0,0,0,0,0,0,0,0,0,0,0,1,0,0,0,0,0,0,0,0,0,0,0,0,0,6,0,0,0,0,0,0,0,0,0,0,0,0,0,0,0,0,0,0,0,0,0,0,0,0,0,0,0,5,0,0,0,0,0,0,0,0,1,0,0,0,0,0,0,0,0,1,0,0,0,0,0,0,0,0,0,0,0,0,0,0,0,0,0,0,0,0,0,0,0,0,0,0,0,0,0,0,0,0,0,0,0,0,0,0,0,0,0,0,0,0,0,0,0,0,0,0,0,0,0,0,0,0,0,0,0,0,0,0,0,0,0,0,0,0,1,0,0,0,0,0,0,0,0,0,0,0,0,0,0,0,0,0,0,0,0,1,0,1,0,0,0,1,0,0,0,0,0,0,0,1,0,0,0,0,0,0,0,0,0
2764342,이천설봉온천랜드,0,0,0,2,2,0,0,2,3,0,1,2,0,0,3,0,2,0,0,0,0,4,1,0,1,2,0,0,0,0,0,0,0,0,0,0,1,0,2,1,0,0,1,0,1,0,0,2,0,0,0,0,0,0,0,0,0,0,2,0,0,67,0,0,2,2,2,0,0,0,0,0,0,0,1,0,0,0,21,1,0,0,0,0,0,0,1,0,1,3,0,0,0,0,0,0,0,1,1,0,0,0,0,0,0,0,0,2,0,0,2,0,0,0,0,0,0,0,0,0,1,0,0,0,0,4,0,0,0,0,0,0,0,0,0,0,0,0,0,1,0,0,0,0,0,0,1,0,0,0,0,0,0,0,2,1,0,0,0,0,0,0,0,0,0,1,0,0,1,0,0,0,118,1,1,0,0,1,0,0,0,0,0,0,0,0,0,0,4,0,0,0,0,2,0,0,0,2,1,2,0,0,0,1,0,1,0,1,0,0,2,1,0,0,0,0,0,0,0,0,0
2754739,익산온천랜드,0,0,0,0,3,0,0,1,0,0,0,1,1,0,1,0,2,0,1,0,0,4,2,1,1,4,0,0,0,0,0,0,0,0,0,0,0,0,4,0,0,1,0,1,0,0,0,1,0,0,0,0,0,0,0,0,0,0,1,0,4,30,0,1,3,2,0,0,2,0,0,0,0,0,0,0,0,0,6,1,0,0,0,1,0,0,0,1,2,4,0,4,4,2,0,1,0,2,0,0,0,0,0,0,0,0,0,0,0,0,0,0,0,0,0,0,0,0,0,0,0,0,0,0,0,0,0,0,0,0,0,0,0,0,0,0,0,0,0,0,0,0,0,0,1,0,1,0,0,0,0,0,0,0,0,0,1,0,0,0,0,0,0,0,3,0,0,0,0,0,0,0,0,0,1,0,4,3,0,0,0,0,0,0,0,0,0,0,1,0,0,0,0,3,0,0,2,0,0,1,0,0,0,2,0,5,0,0,0,0,1,1,0,1,1,0,0,2,0,0,1
3083295,장유스파랜드,10,0,0,1,1,0,0,3,0,0,0,0,0,2,4,0,2,2,0,0,1,2,0,0,0,2,0,0,0,0,0,0,0,0,0,0,1,2,0,0,0,0,0,0,1,0,0,2,0,0,0,0,0,0,0,0,0,1,3,0,6,53,0,1,6,7,0,1,1,0,0,0,0,0,0,0,0,0,28,0,0,0,2,0,0,0,2,0,4,2,0,0,4,2,0,2,0,4,0,0,0,0,0,0,0,0,0,0,0,0,1,0,0,0,0,0,0,0,0,0,2,0,0,0,0,0,0,0,0,0,0,0,0,0,0,0,0,0,0,1,1,1,2,0,0,0,1,0,0,0,0,0,0,0,0,0,0,0,1,0,0,0,2,1,0,2,1,0,1,0,0,0,158,0,2,0,1,7,0,0,1,0,0,0,0,0,0,0,1,0,0,0,0,8,0,0,5,3,4,1,0,0,0,2,0,7,2,2,0,0,1,1,0,0,0,0,0,0,0,0,0
2949823,장흥 참숯가마,0,0,0,2,0,0,0,0,15,0,0,1,0,0,2,0,0,0,0,0,0,0,0,0,1,0,0,0,0,0,0,0,0,0,0,0,0,0,0,1,0,0,0,0,1,0,0,0,2,0,0,0,0,0,0,0,0,0,0,0,2,30,0,2,0,4,0,0,1,0,0,0,0,0,0,0,0,0,9,0,0,0,0,0,0,0,0,1,3,1,0,0,0,0,0,0,0,1,0,0,0,0,0,0,0,0,0,2,0,0,0,0,0,1,0,0,0,0,0,0,2,0,0,0,0,2,0,2,0,0,0,0,0,0,0,0,0,0,0,0,0,0,0,0,0,1,1,0,0,0,0,0,0,0,0,0,0,0,0,0,0,0,0,2,1,0,0,0,0,0,0,0,2,0,0,0,0,0,0,0,0,1,0,0,0,0,0,0,2,0,0,0,1,2,0,0,2,7,1,2,0,0,0,0,0,1,0,1,0,0,1,0,1,0,0,0,0,0,0,0,0
3526255,전라남도 마음건강치유센터,1,0,0,2,1,0,0,1,0,0,0,0,0,0,0,0,0,1,0,0,1,1,0,0,0,0,0,0,0,0,0,0,0,0,0,0,0,0,0,0,0,0,1,0,0,0,0,0,0,0,0,0,1,0,0,0,0,0,0,0,0,15,0,0,0,0,0,0,0,0,0,0,0,0,0,0,0,0,3,0,0,0,0,0,0,0,0,0,0,3,0,0,1,1,0,0,0,0,0,0,0,0,0,0,0,0,0,0,0,0,0,0,0,0,0,0,0,0,0,0,0,0,0,0,0,0,0,0,0,0,0,0,0,0,0,0,0,0,0,0,0,0,0,0,1,0,0,0,0,0,0,0,1,0,1,0,0,0,0,0,0,0,1,1,1,0,0,0,0,0,0,0,0,0,0,1,3,1,0,0,0,0,0,0,0,0,0,0,0,0,0,0,0,0,0,0,0,0,0,1,0,0,1,0,0,1,1,0,0,1,0,1,0,0,0,0,0,0,0,0,0
3083341,정관온천,2,0,0,0,0,0,0,0,4,0,2,1,0,1,0,0,0,0,0,0,0,5,0,0,1,2,0,0,0,0,0,0,0,0,0,0,0,1,1,0,0,0,0,0,0,0,0,2,0,0,0,0,1,0,0,0,0,0,0,0,2,54,0,1,0,4,2,0,1,0,0,1,0,0,0,0,0,0,28,0,0,0,0,0,0,0,0,0,0,0,0,0,0,0,0,0,0,7,0,0,0,0,0,0,0,0,0,0,0,1,0,0,1,0,0,0,0,0,0,0,1,0,0,0,0,0,1,1,0,0,0,0,0,0,0,0,0,0,0,0,1,1,0,0,0,0,1,0,0,0,2,0,2,0,0,0,0,0,0,0,0,0,0,1,2,0,0,0,1,0,0,0,106,0,1,0,2,3,0,0,0,0,0,0,0,0,0,0,1,0,0,0,0,1,1,0,2,1,1,1,0,0,0,1,1,2,2,1,0,1,0,1,0,2,0,0,0,0,1,0,0
3022258,제원하늘농원,6,2,0,5,0,1,0,1,6,0,2,0,0,0,1,0,2,1,0,0,0,3,0,1,3,0,0,0,0,0,0,0,0,0,0,2,0,0,3,0,0,0,2,0,2,1,0,0,0,0,0,0,1,0,0,0,1,0,2,1,1,38,0,1,1,3,2,1,2,1,0,2,0,0,0,0,0,0,30,0,0,0,0,0,0,0,0,0,0,1,2,0,2,2,0,0,0,2,0,0,0,0,0,0,0,0,0,0,0,0,5,0,0,0,0,0,0,0,1,0,2,0,0,2,0,0,1,0,0,0,0,0,0,0,0,0,0,0,2,1,1,0,0,0,0,0,0,0,0,0,1,0,5,0,0,1,0,0,0,0,0,1,1,1,1,6,0,0,0,0,0,0,4,0,0,1,1,0,0,0,0,0,0,0,0,0,0,0,4,0,1,0,0,1,0,0,0,0,0,2,0,0,1,0,0,1,3,2,0,0,2,0,0,1,0,0,0,0,0,0,1
126573,제일유황온천,0,1,0,8,0,0,0,0,21,2,1,5,0,0,0,0,0,0,0,0,0,0,0,0,0,1,0,0,0,0,0,0,0,0,0,0,0,0,0,0,0,0,0,0,1,0,0,1,0,0,0,0,0,0,0,0,1,0,0,0,0,28,0,1,0,0,0,0,0,0,0,0,0,0,0,0,0,0,0,0,0,0,0,0,0,0,0,0,0,2,0,0,0,0,0,0,0,1,0,0,0,0,0,0,0,0,0,5,0,0,0,0,0,0,0,0,0,0,0,0,0,0,0,0,0,1,0,0,0,0,0,0,0,0,0,0,0,0,0,1,0,0,0,0,0,0,1,0,0,0,0,0,0,0,0,0,0,0,0,0,0,0,0,0,0,0,0,0,0,0,0,0,0,0,0,0,0,0,0,0,0,0,0,0,0,0,0,0,0,0,0,0,0,0,0,0,0,2,0,1,0,0,0,0,0,0,0,0,0,0,0,0,0,0,0,0,0,0,0,0,0
128555,제주 산방산탄산온천,16,4,0,12,1,1,0,2,0,0,1,0,1,3,1,0,0,1,0,0,0,1,0,0,4,3,0,0,0,0,0,0,0,0,0,0,2,0,1,1,0,1,4,1,3,0,0,1,0,0,0,0,0,0,0,0,0,0,3,3,2,62,0,3,3,12,4,1,0,2,0,1,0,0,0,0,0,0,39,0,1,0,1,0,1,0,0,0,0,1,0,1,0,1,0,0,0,1,1,0,0,0,0,0,0,0,4,2,0,0,1,0,0,0,1,0,1,0,0,0,5,0,0,1,0,0,0,0,0,0,0,1,0,0,0,0,0,0,0,7,3,1,1,0,0,0,0,0,0,0,2,1,3,0,0,1,0,0,0,1,0,0,2,1,5,5,0,0,0,0,0,0,26,0,1,1,2,2,0,1,0,0,0,0,0,0,0,0,10,0,0,0,0,2,0,0,0,0,0,0,1,1,2,1,0,11,0,3,0,0,1,0,0,0,0,0,0,0,0,0,0
662756,조방해수탕,78,0,4,2,0,0,0,25,3,1,0,0,1,25,0,1,6,3,0,2,2,29,1,3,0,27,0,0,0,1,0,1,5,2,0,2,11,1,11,0,0,0,2,0,0,0,0,5,1,0,0,1,1,0,0,0,0,0,5,3,18,223,0,20,27,20,4,2,4,1,1,3,0,0,0,0,0,0,56,0,0,1,2,0,0,0,0,1,2,3,1,3,0,5,0,0,0,18,3,0,1,0,0,0,1,0,0,0,0,0,0,0,3,0,1,1,0,0,0,0,8,2,1,8,1,0,1,0,0,0,0,3,0,0,0,0,0,0,1,3,2,0,0,0,0,0,2,0,0,0,2,2,3,0,0,0,0,1,0,0,0,1,3,0,2,4,2,0,1,0,0,0,293,3,20,5,0,47,2,1,15,3,0,0,1,0,1,0,2,1,0,1,0,9,0,0,6,14,26,7,0,3,1,10,1,11,6,17,1,0,10,4,0,16,4,1,3,4,5,0,10
3511057,주식회사뷰티홀릭,74,1,4,3,0,0,0,23,3,1,0,0,1,28,0,1,8,4,0,2,2,27,0,2,0,25,0,0,0,1,0,1,4,1,0,1,11,1,12,0,0,0,1,0,0,1,0,5,1,0,0,1,1,0,0,0,0,0,5,3,16,244,0,18,28,20,6,2,4,2,1,2,0,0,0,0,0,0,55,1,0,1,2,0,0,0,0,1,2,3,1,3,1,5,0,0,0,18,3,0,1,0,0,0,0,0,0,0,0,0,0,0,3,0,0,1,0,0,0,0,9,3,0,8,1,0,1,0,0,0,0,4,0,0,0,0,0,0,1,3,1,0,0,0,0,0,1,0,1,0,5,2,3,0,0,0,0,0,0,0,0,1,2,0,3,6,2,0,1,0,0,0,403,3,17,5,0,40,1,1,11,3,0,0,1,0,0,0,3,1,0,1,0,10,0,0,5,10,26,3,0,3,1,11,1,10,5,18,2,0,10,2,0,12,3,1,3,3,5,0,9
662862,중앙해수랜드,73,1,4,3,0,0,0,22,2,1,0,0,1,28,0,1,7,4,0,1,2,27,1,3,0,24,0,0,0,1,0,1,5,2,0,2,11,1,12,0,0,0,2,0,0,1,0,3,1,0,0,1,1,0,0,0,0,0,5,3,16,233,0,15,26,22,4,2,4,2,1,3,0,0,0,0,0,0,56,0,0,1,2,0,0,0,0,1,2,3,1,3,1,4,0,0,0,16,3,0,1,0,0,0,0,0,0,0,0,0,0,0,3,0,1,1,0,0,0,0,11,3,1,8,1,0,1,0,0,0,0,4,0,0,0,0,0,0,1,3,1,0,0,0,0,0,1,0,1,0,5,2,4,0,0,0,0,1,0,0,0,1,2,0,1,7,2,0,0,0,0,0,247,3,17,5,0,39,1,1,17,3,0,0,1,0,1,0,3,1,0,1,0,9,0,0,6,13,25,7,0,3,1,10,1,9,5,18,2,0,11,1,0,13,3,1,1,4,5,0,10
322850,지리산참숯굴찜질방,0,0,0,0,1,1,0,0,4,1,0,0,0,0,1,0,1,0,0,0,0,0,1,0,0,0,0,0,0,0,0,0,0,0,0,0,0,0,0,0,0,0,5,0,0,0,0,0,1,0,0,0,0,0,0,0,0,0,0,0,0,10,0,0,0,0,0,0,0,0,0,0,0,0,0,0,0,0,3,0,0,0,0,0,3,1,2,0,0,8,0,0,1,1,0,0,0,0,0,0,0,0,0,0,0,0,0,0,0,0,0,0,0,0,0,0,1,0,0,0,1,0,0,0,0,0,0,0,0,0,0,0,0,0,0,0,0,0,0,0,0,0,0,0,0,0,0,0,0,0,0,0,0,0,1,0,0,0,1,0,0,0,0,0,0,0,0,0,0,0,0,0,0,1,0,0,1,0,0,0,0,0,0,0,0,0,0,0,0,0,0,0,0,0,0,0,0,0,0,0,0,0,0,0,0,1,0,1,0,0,0,0,0,0,0,0,0,2,0,0,0
2656454,진안 홍삼스파,0,0,0,0,0,0,0,0,3,0,0,0,0,0,0,0,1,1,0,0,1,0,1,0,0,0,0,0,0,0,0,0,0,0,0,0,0,0,1,0,0,0,1,0,0,0,0,0,0,0,0,1,0,0,0,0,0,0,0,0,0,15,0,0,0,0,0,0,0,0,0,0,0,0,0,0,0,0,4,0,0,0,0,0,0,0,0,0,0,3,0,0,2,0,0,0,0,0,0,0,0,0,0,0,0,0,0,0,0,0,0,0,0,0,0,0,0,0,0,0,0,0,0,0,0,0,0,0,0,0,0,0,0,0,0,0,0,0,0,0,0,0,0,0,0,0,1,0,0,0,0,0,0,1,2,1,1,0,0,2,0,1,1,1,0,2,0,0,0,0,0,0,0,0,0,1,1,0,0,0,0,0,0,0,0,0,0,0,2,0,0,0,0,0,0,0,0,1,0,0,0,0,0,1,0,2,0,0,0,0,0,0,0,0,0,0,0,0,0,0,0
2949793,찜질하우스,5,0,0,2,0,0,0,2,5,1,1,0,0,0,1,2,0,0,0,0,0,4,2,0,2,1,0,0,0,0,0,0,1,0,0,0,0,0,2,0,0,0,1,0,1,0,1,1,1,0,0,0,0,0,0,0,0,0,2,0,3,68,0,5,9,5,2,0,0,0,0,2,0,0,0,0,0,0,35,0,1,1,0,0,0,0,0,1,1,3,0,2,0,2,0,1,1,2,1,0,0,0,0,0,0,0,0,2,0,0,0,0,0,0,0,0,0,0,0,0,3,0,0,0,0,1,0,0,0,0,0,0,0,0,0,0,0,0,0,2,1,0,2,0,0,0,1,0,0,0,0,0,0,0,2,1,0,0,0,0,0,0,0,1,1,0,0,0,0,0,0,0,91,0,0,0,1,11,0,0,0,2,0,0,0,0,0,0,0,0,0,0,0,4,0,0,1,5,1,0,0,0,0,2,0,4,2,2,0,1,0,1,0,3,0,0,1,2,2,0,0
2638518,창원 편백 치유의 숲,15,0,0,0,0,0,0,2,0,0,0,0,0,5,1,0,2,1,0,0,0,3,0,0,2,1,0,0,0,0,0,0,0,0,0,1,0,0,0,0,0,1,1,0,0,0,0,0,0,0,0,0,1,0,0,0,1,0,0,1,4,57,0,3,6,7,3,0,3,1,0,2,0,0,1,0,0,0,37,0,0,0,0,0,1,0,0,0,0,2,0,1,3,0,0,1,0,3,0,0,0,0,0,0,2,0,0,0,0,1,0,0,0,0,0,0,0,0,0,0,2,0,0,0,1,0,0,0,0,0,0,1,0,0,0,0,0,0,0,2,0,0,0,0,0,1,0,0,0,0,3,1,0,0,0,0,0,0,1,0,0,1,2,1,2,4,1,0,0,0,0,0,59,0,1,1,1,10,0,0,1,1,0,0,0,0,0,0,1,0,0,0,0,10,0,0,7,8,8,1,1,0,0,6,0,1,1,4,1,1,1,3,0,0,0,0,2,1,0,0,1
128123,척산온천지구,17,8,0,18,0,0,0,27,9,2,2,2,0,3,2,0,6,1,0,0,0,3,0,0,1,0,0,0,0,0,0,0,0,0,0,0,0,0,1,0,0,0,2,0,0,0,0,2,1,0,0,0,0,0,0,0,1,0,0,0,5,123,0,2,3,2,1,4,2,0,0,0,0,0,0,0,0,0,44,0,0,0,0,0,0,0,0,0,0,0,1,0,4,0,0,0,0,1,1,0,0,0,0,0,0,0,0,4,0,0,0,0,0,0,0,0,0,0,0,0,5,0,0,2,1,0,3,0,0,0,0,2,0,0,0,0,0,0,0,1,0,1,1,0,0,2,0,0,0,0,11,1,17,0,0,1,0,0,1,1,0,0,1,0,1,4,0,0,0,0,0,0,6,0,6,1,0,2,0,0,3,0,0,1,0,0,1,0,1,2,0,0,0,1,0,0,0,5,5,8,2,1,11,1,0,3,1,6,0,0,2,1,0,0,0,0,0,1,3,0,0
2755780,천마산온천호텔 / 천마온천,1,0,0,0,0,0,0,1,0,1,0,1,0,0,0,0,0,0,0,0,0,0,0,0,0,0,0,0,0,0,0,0,0,0,0,0,0,0,0,0,0,0,2,0,0,0,0,2,0,0,0,0,0,0,0,0,0,0,0,0,1,15,0,1,1,2,1,0,1,0,0,0,0,0,0,0,0,0,9,0,0,0,0,0,0,0,0,0,0,4,0,0,0,0,0,0,0,0,0,0,0,0,0,0,0,0,0,0,0,0,0,0,0,0,0,0,0,0,0,0,1,0,0,0,0,0,0,0,0,0,0,0,0,0,0,0,0,0,0,1,0,0,1,0,0,0,0,0,0,0,0,0,0,0,1,0,0,0,0,0,0,0,4,0,1,0,0,0,0,0,0,0,4,0,0,0,1,4,0,0,0,0,0,0,0,0,0,0,1,0,0,0,0,1,0,0,1,0,0,1,0,0,0,0,0,0,0,2,0,0,0,0,0,1,0,0,0,0,0,0,0
128624,천안상록리조트 아쿠아피아,0,1,0,1,0,0,0,1,2,1,0,1,1,0,1,0,0,0,0,0,0,0,0,0,0,0,0,0,0,0,0,0,0,0,0,0,1,0,1,0,0,0,0,0,0,0,0,1,0,0,0,0,0,0,0,0,0,0,0,0,0,27,0,3,0,1,0,0,0,0,0,0,0,0,0,0,0,0,11,0,0,0,0,0,1,3,0,0,0,1,0,0,3,0,0,0,0,1,0,0,0,0,0,0,0,0,0,3,0,0,0,0,0,1,0,0,0,0,0,0,0,0,0,0,0,0,0,0,0,0,0,0,0,0,0,0,0,0,0,1,0,0,0,0,0,0,0,0,0,0,0,0,0,0,0,0,0,0,0,0,0,0,0,0,1,0,0,0,0,0,0,0,2,0,0,0,2,0,0,0,0,0,0,0,0,0,0,0,1,1,0,0,0,0,0,0,0,2,1,0,0,0,1,0,0,1,3,1,0,1,1,0,0,0,0,0,0,0,0,0,0
126541,청도 용암온천,0,0,0,0,0,0,0,0,2,0,3,1,0,0,1,0,2,0,0,0,0,2,1,2,0,1,0,0,0,0,0,0,0,0,0,0,0,0,0,0,0,0,0,0,0,0,0,1,0,0,0,0,0,0,0,1,0,0,0,0,2,10,0,0,0,1,0,0,0,1,0,1,0,0,0,0,0,0,12,0,0,0,1,0,0,0,0,0,0,7,1,0,1,0,0,1,0,3,0,0,0,0,0,0,0,0,1,1,0,0,0,0,0,0,0,0,0,0,0,0,1,0,0,0,0,0,0,0,0,0,0,0,0,0,0,0,0,0,0,0,0,0,0,0,0,1,0,1,0,0,0,0,0,0,0,0,0,0,0,0,0,0,0,0,0,0,0,0,0,0,0,0,0,0,0,1,1,0,0,0,0,0,0,0,1,0,0,0,2,0,0,0,0,0,0,0,0,0,0,1,0,0,0,1,0,2,0,1,0,0,0,1,0,1,0,1,0,0,0,0,0
752262,청도훼미리랜드,3,0,0,5,1,0,0,9,14,0,0,0,0,3,2,0,5,1,0,0,0,5,2,0,2,0,0,1,0,0,1,1,0,0,0,0,0,1,2,0,0,0,0,1,1,0,0,1,1,0,0,0,0,0,0,0,0,0,0,0,4,63,0,7,3,4,1,0,0,0,0,0,0,0,0,0,0,0,21,0,0,0,0,0,0,0,0,0,1,4,1,0,5,0,0,0,0,0,0,0,0,2,7,0,0,0,0,2,0,0,0,0,0,0,0,0,0,0,0,0,5,0,0,0,0,2,0,0,0,0,0,0,0,0,0,0,0,0,1,0,0,0,0,0,0,0,0,0,0,0,0,0,0,0,0,0,1,0,0,0,0,0,0,0,4,1,0,0,0,0,0,0,6,0,0,1,2,2,0,0,0,0,0,0,0,0,0,0,1,0,2,0,0,1,0,0,0,0,1,1,0,2,0,2,2,5,1,4,0,0,5,0,0,1,0,0,0,2,0,0,0
2660736,청라 스파렉스,17,0,0,0,1,0,0,19,3,0,0,0,0,6,4,2,2,3,0,0,2,19,0,2,4,9,0,1,0,0,0,4,1,0,0,1,2,1,12,1,0,0,0,0,1,0,0,2,1,0,0,0,0,0,0,0,0,0,4,2,10,190,1,35,16,18,7,5,1,2,0,4,0,0,1,1,0,0,38,0,0,1,1,1,0,0,0,0,0,2,1,11,2,1,0,0,1,5,2,0,0,0,0,0,1,0,0,3,0,0,0,0,1,0,1,1,0,0,0,0,6,0,0,0,1,0,2,2,0,0,0,0,0,0,0,0,0,0,1,1,1,0,0,0,2,0,0,0,2,0,6,0,0,0,1,0,0,1,0,0,0,0,7,1,1,1,0,0,2,0,0,0,237,1,8,0,0,34,0,1,4,1,0,0,0,0,0,0,4,1,0,1,2,27,0,0,9,13,13,1,0,2,0,13,1,14,1,20,1,1,4,2,0,16,1,0,6,5,0,0,4
129419,청송솔기온천,1,1,0,0,6,0,0,0,1,0,0,0,0,0,1,0,2,0,0,0,1,1,0,0,0,0,0,0,0,0,0,0,0,0,0,0,0,0,1,0,0,0,1,0,0,0,0,2,0,0,0,0,0,0,0,0,0,0,0,0,0,22,0,0,0,0,0,0,0,0,0,0,0,0,0,0,0,0,1,0,0,1,0,0,5,0,0,0,0,3,0,0,1,1,0,0,0,2,0,0,0,0,0,0,0,0,0,0,0,0,0,0,0,0,0,0,0,0,0,0,1,0,0,0,0,0,0,0,0,0,0,0,0,0,0,0,0,0,0,0,2,2,0,1,0,0,0,0,0,0,0,0,0,0,0,1,0,0,0,0,0,3,0,0,1,0,0,0,0,0,0,0,0,0,0,1,1,0,0,0,0,0,0,0,0,0,0,0,0,0,0,0,0,1,0,0,0,1,0,0,0,1,0,0,0,1,0,1,0,0,1,0,0,0,1,0,0,0,0,0,0
3083730,초정약수세종스파텔,2,0,0,1,2,0,0,0,1,1,0,0,0,0,1,0,1,0,0,0,0,4,0,1,0,3,0,0,0,0,0,0,0,0,0,1,0,0,0,0,0,0,1,0,0,0,0,1,0,0,0,0,0,0,0,0,1,0,1,0,1,27,0,4,1,2,0,0,0,0,0,2,0,1,0,0,0,0,8,0,0,1,0,0,0,1,0,0,0,5,0,0,1,1,0,3,0,2,0,0,1,0,0,0,0,0,0,0,0,0,0,0,1,0,1,0,0,0,0,0,1,0,0,0,0,1,0,1,0,0,0,0,0,0,0,0,0,0,0,1,1,0,0,1,0,0,0,0,0,0,0,0,0,0,1,0,0,0,0,0,0,0,0,2,0,0,0,0,0,0,0,0,5,1,0,0,0,3,1,0,1,1,0,0,0,0,0,0,2,0,1,0,1,3,0,0,0,3,0,0,0,0,0,0,0,3,2,2,0,0,3,1,0,0,0,0,0,1,0,0,2
3015906,카덴96,6,1,0,0,0,0,0,1,3,0,2,1,0,4,1,0,1,0,0,0,0,3,1,0,1,1,0,0,0,0,0,0,0,0,0,0,0,0,2,0,0,0,0,0,0,1,0,2,0,0,0,1,0,0,0,0,0,0,0,0,4,90,0,3,5,6,2,0,1,1,0,1,0,0,0,0,0,0,49,1,0,0,0,0,0,0,0,0,0,1,0,0,0,0,0,0,0,7,0,0,0,0,0,0,0,0,0,1,0,1,1,0,1,0,0,0,0,0,0,0,1,1,0,0,0,0,1,2,0,0,0,1,0,0,0,0,0,0,0,1,0,1,1,0,0,0,0,0,0,0,5,0,3,0,0,0,0,0,0,0,0,0,0,0,1,2,0,0,2,0,0,0,237,0,2,1,2,5,0,0,0,0,0,0,0,0,1,0,3,0,0,0,0,3,1,0,2,1,1,2,0,0,0,1,0,1,1,3,0,2,0,1,0,2,0,0,0,0,1,0,1
2932103,클랑포레스트,11,0,0,6,5,1,0,7,1,0,0,0,0,2,0,0,2,0,0,1,1,2,2,1,0,4,0,2,0,0,1,0,0,1,0,0,0,0,3,1,1,3,0,0,0,0,0,0,0,0,1,0,0,0,0,0,0,1,0,0,1,68,0,8,2,5,0,0,0,0,0,0,0,1,0,1,0,1,41,0,0,0,1,1,2,0,1,0,0,1,2,0,2,5,0,1,1,2,1,0,0,0,0,0,0,0,0,0,0,0,0,0,1,0,0,0,0,0,0,0,5,0,0,0,0,2,0,0,0,0,0,1,0,0,0,0,0,0,1,3,0,0,0,0,0,0,0,0,0,0,0,0,0,0,0,0,0,0,0,0,0,0,1,0,1,1,0,0,0,0,0,0,82,0,0,2,2,6,0,0,1,2,0,4,0,0,0,0,2,0,1,0,0,2,0,1,1,5,5,0,1,0,0,3,0,7,1,1,0,0,1,1,0,3,0,0,0,1,0,0,2
3522510,키위스파랜드,33,1,0,0,1,0,0,30,4,0,0,0,2,9,3,1,2,3,0,0,2,27,1,3,4,13,0,1,0,0,0,2,1,1,0,1,5,1,12,1,0,1,0,0,4,0,0,2,1,0,0,0,0,0,0,0,0,0,3,2,18,365,1,53,28,31,10,7,2,2,0,7,0,0,1,1,0,0,84,0,0,2,2,0,0,0,0,0,2,5,2,7,4,4,0,0,1,14,2,0,0,0,0,0,1,1,0,3,0,0,2,0,3,0,2,2,0,0,0,0,17,0,0,1,1,2,4,6,0,0,0,0,0,0,0,0,0,0,1,4,1,0,0,0,1,0,0,0,0,0,2,0,0,0,3,0,1,1,0,0,0,0,11,2,6,6,3,3,2,0,0,0,933,0,12,0,1,61,0,1,2,2,0,1,0,0,0,0,2,2,1,1,3,47,0,0,20,24,9,2,2,2,0,22,1,21,4,23,1,2,7,5,0,33,1,0,11,11,1,0,7
127752,태종대온천찜질방,30,0,0,0,0,0,0,9,2,1,0,0,0,10,0,0,3,3,0,1,0,10,1,1,0,11,0,0,0,0,0,0,1,1,0,1,0,0,2,0,0,0,1,0,0,0,0,1,0,0,0,0,0,0,0,0,0,0,2,3,10,47,0,6,3,7,1,1,2,1,0,2,0,0,0,0,0,0,18,0,0,0,0,0,0,0,0,1,0,1,0,2,0,1,0,0,0,4,1,0,0,0,0,0,0,0,0,0,0,0,0,0,0,0,1,0,0,0,0,0,2,1,1,0,0,0,0,0,0,0,0,0,0,0,0,0,0,0,0,1,0,0,0,0,0,0,0,0,0,0,3,1,2,0,0,0,0,1,0,0,0,0,1,0,0,2,0,0,0,0,0,0,67,2,5,3,0,17,0,0,10,2,0,0,1,0,1,0,1,0,0,0,0,1,0,0,1,3,9,4,0,2,0,3,1,4,3,8,0,0,2,0,0,3,0,0,0,1,2,0,3
2660744,태평염전 해양힐링스파,0,0,0,0,0,0,0,1,2,0,0,0,0,0,0,0,0,0,0,0,0,0,0,0,0,0,0,0,0,0,0,0,0,0,0,0,0,0,0,0,0,0,0,0,0,0,0,1,0,0,0,0,0,0,0,0,0,0,0,0,0,0,0,0,0,0,0,0,0,0,0,0,0,0,0,0,0,0,1,0,0,0,0,0,0,0,0,0,0,0,0,0,0,0,0,0,0,0,0,0,0,0,0,0,0,0,0,0,0,0,0,0,0,0,0,0,0,0,0,0,2,0,0,0,0,0,0,0,0,0,0,0,0,0,0,0,0,0,0,0,0,0,0,0,0,0,0,0,0,0,0,0,2,0,0,0,0,0,0,0,0,0,0,0,1,0,0,0,0,0,0,0,0,0,0,0,0,0,0,0,0,0,0,0,0,0,0,0,0,0,0,0,0,0,0,0,0,0,0,0,0,0,0,0,0,1,0,1,0,0,0,0,0,0,0,0,0,0,0,0,0
2660923,테라피 스파 소베,27,0,0,0,1,0,0,17,1,0,1,1,0,8,2,0,1,2,0,0,2,6,0,2,1,7,0,0,0,0,0,2,0,1,0,2,1,0,7,0,0,1,0,0,0,0,0,0,0,0,0,1,0,0,0,0,2,0,2,0,10,122,0,12,10,13,3,1,1,0,0,0,0,1,0,0,0,0,25,2,0,0,0,2,4,2,1,0,1,12,1,1,7,8,0,1,1,3,2,0,1,0,0,0,2,0,0,0,0,0,1,1,2,0,0,0,0,0,0,0,4,0,0,0,0,0,0,2,0,0,0,0,0,0,0,0,0,0,0,0,2,0,0,0,0,1,2,0,0,0,0,0,0,0,1,1,1,0,0,0,0,0,2,0,2,1,1,0,1,0,0,0,48,2,2,0,4,9,0,1,1,0,0,0,0,0,0,0,3,0,0,0,0,9,0,2,4,9,12,3,0,0,0,5,2,9,3,9,1,1,14,7,0,7,4,1,3,2,0,0,4
128870,테르메덴,1,0,0,2,0,0,0,2,2,0,1,1,0,0,3,0,2,0,0,0,0,3,1,0,1,2,0,0,0,0,0,0,0,0,0,0,1,0,1,0,0,0,2,0,0,0,0,2,1,0,0,0,0,0,0,0,0,0,2,0,0,56,0,0,2,0,1,0,0,0,0,0,0,0,1,0,0,0,15,0,0,0,0,0,0,0,0,1,1,1,0,0,0,1,0,1,0,1,2,0,0,0,0,0,0,0,0,4,0,0,1,0,0,0,0,0,0,0,0,0,2,0,0,0,0,4,0,0,0,0,0,0,0,0,0,0,0,0,0,0,0,0,0,0,0,0,1,0,0,0,0,0,0,0,0,1,0,0,0,0,0,0,0,0,0,0,0,0,1,0,0,0,115,1,1,0,1,1,0,0,0,0,0,0,0,0,0,0,2,0,0,0,0,2,0,0,0,3,1,2,0,0,0,1,0,1,0,1,0,0,2,1,0,0,0,0,0,0,0,0,0
2789664,토담참숯가마,0,0,0,2,0,0,0,0,18,2,0,1,0,0,2,0,1,0,0,0,0,0,0,1,1,1,0,0,0,0,0,0,0,0,0,0,0,0,1,1,0,0,0,0,1,0,0,0,2,0,0,0,0,0,0,0,0,0,0,0,2,30,0,2,0,5,0,0,1,0,0,0,0,0,0,0,0,0,13,0,0,0,0,0,0,0,0,0,2,0,1,0,0,0,0,0,0,2,0,0,0,0,0,0,0,0,0,2,0,0,1,0,0,1,0,0,0,0,0,0,1,0,0,0,0,1,0,1,0,0,0,0,0,0,0,0,0,0,0,0,0,0,1,0,0,1,2,0,0,0,0,0,0,0,0,0,0,0,0,0,0,0,0,2,1,0,0,0,0,0,0,0,1,0,0,0,0,1,0,0,0,1,0,0,0,0,0,0,2,0,0,0,1,0,0,0,2,6,0,2,0,0,0,2,0,2,0,1,0,0,1,1,0,0,0,0,0,1,0,0,0
631934,파라다이스 스파 도고,0,3,0,0,0,0,0,1,3,0,1,1,0,0,1,0,2,1,1,0,0,0,0,0,0,1,0,0,0,0,0,0,0,0,0,0,0,0,1,0,0,0,0,0,0,0,0,0,0,0,0,1,0,0,0,0,0,0,1,0,1,9,0,1,2,0,0,0,0,0,0,0,0,0,0,0,0,0,5,0,0,0,0,0,2,0,0,0,1,1,0,0,0,0,0,0,0,1,2,0,0,0,0,0,0,0,0,1,0,0,0,0,0,0,0,0,0,0,0,0,1,0,0,0,0,3,0,0,0,0,0,0,0,0,0,0,0,0,0,0,0,0,0,0,0,0,1,0,0,0,0,0,0,0,1,0,0,0,0,0,0,0,0,0,1,0,0,0,0,0,0,0,2,0,2,0,2,1,0,0,0,0,0,0,0,0,0,0,1,0,0,0,0,1,0,0,0,0,0,0,0,1,0,2,0,0,0,0,0,0,0,0,0,0,0,0,0,0,0,0,0
3031866,파주가야랜드,0,0,0,4,0,0,0,1,10,0,0,0,0,1,1,0,3,0,0,0,0,0,2,0,2,1,0,0,0,0,0,1,0,0,0,0,0,0,0,0,0,0,1,0,0,0,0,1,1,0,0,0,0,0,0,0,0,0,0,0,1,30,0,4,2,0,0,0,0,0,0,0,0,0,0,0,0,0,9,0,0,0,0,0,0,0,0,0,2,2,0,0,4,0,0,0,0,0,0,0,0,1,3,0,0,0,0,4,0,0,0,0,0,0,0,0,0,0,0,0,4,0,0,0,0,2,0,1,0,0,0,0,0,0,0,0,0,0,1,0,0,0,1,0,0,0,1,0,0,0,0,0,0,0,0,0,1,0,0,0,0,0,0,0,2,0,0,0,0,0,0,0,4,0,0,0,1,3,0,0,0,0,0,0,0,0,0,0,0,0,0,0,0,0,0,0,0,0,0,0,0,0,0,0,0,2,1,1,0,0,0,1,0,0,0,0,0,0,0,0,0
3075750,팔공산심천랜드,5,0,0,0,1,0,0,1,3,2,0,0,0,0,1,0,2,2,0,0,0,0,0,1,0,1,0,0,0,0,0,0,0,0,0,0,1,0,1,0,0,0,0,0,1,0,0,3,0,0,0,0,0,0,0,0,0,0,1,0,2,34,0,1,0,2,0,0,0,0,0,1,0,0,0,0,0,0,21,0,0,0,0,0,1,1,1,0,1,4,0,1,4,1,0,1,0,6,2,0,0,0,0,0,0,0,0,0,0,0,0,0,0,1,0,0,0,0,0,0,3,0,0,0,0,0,0,0,0,0,0,0,0,0,0,0,0,0,0,2,0,0,0,0,0,0,1,0,0,0,0,0,0,0,0,0,0,0,0,1,0,0,1,0,3,0,0,0,0,0,1,0,24,1,2,0,2,3,0,0,0,1,0,0,0,0,0,0,2,0,0,0,0,2,0,0,1,3,2,1,0,1,0,2,0,2,1,0,1,0,0,1,0,0,0,0,0,0,1,0,1
127987,팔공산온천관광호텔(온천),2,0,0,0,0,0,0,1,1,2,0,0,1,0,1,1,0,0,0,0,0,0,0,0,0,0,0,0,0,0,0,0,0,0,0,0,0,0,0,0,0,0,0,0,1,0,0,2,0,0,0,0,0,0,0,0,0,0,1,0,1,25,0,0,0,2,0,0,0,0,0,1,0,0,0,0,0,0,12,0,0,0,0,0,0,1,0,0,0,0,0,0,2,0,0,1,0,3,0,0,0,0,0,0,0,0,0,1,0,0,0,0,0,1,0,0,0,0,0,0,5,0,0,0,0,0,0,0,0,0,0,0,0,0,0,0,0,0,0,1,0,0,0,0,0,0,0,0,0,0,0,0,0,0,0,0,0,0,0,1,0,0,0,0,1,0,0,0,0,0,0,0,20,1,1,0,1,0,0,0,0,0,0,0,0,0,0,0,2,0,0,0,0,1,0,0,0,1,0,0,0,0,0,0,0,2,0,0,0,0,0,1,0,0,0,0,0,0,0,0,0
2760781,팔영산 편백 치유의 숲,0,0,0,0,0,1,0,0,0,1,0,0,0,0,0,0,0,0,0,0,0,0,0,0,0,0,0,0,0,0,0,0,0,0,0,0,0,0,0,0,0,0,1,0,0,0,0,0,0,0,0,0,0,0,0,0,0,0,0,0,1,7,0,0,0,0,0,0,0,0,0,0,0,0,0,0,0,0,0,0,0,0,0,1,0,0,0,0,0,0,0,0,0,0,0,0,0,1,0,0,0,0,0,0,0,0,0,0,0,0,0,0,0,0,0,0,0,0,0,0,1,0,0,0,0,0,0,0,0,0,0,0,0,0,0,0,0,0,0,1,0,0,0,0,0,0,0,0,0,0,0,0,1,0,0,0,0,1,0,0,0,0,0,0,0,0,0,0,0,0,0,0,0,0,0,0,2,0,0,0,0,1,0,0,0,0,0,0,0,0,0,0,0,1,0,0,0,0,0,1,0,0,0,0,0,0,0,0,0,0,1,1,0,0,0,0,0,0,0,0,0
2769846,포레스트 리솜 해브나인 스파 (해브나인 힐링스파),0,0,0,0,0,0,0,0,4,4,1,0,0,0,1,0,0,0,0,0,0,0,0,0,0,0,0,0,0,0,0,0,0,0,0,0,0,0,0,0,0,0,0,0,0,0,0,0,0,0,0,0,0,0,0,0,0,0,0,0,1,5,0,0,0,0,0,0,0,0,0,0,0,0,0,0,0,0,0,0,0,0,0,0,0,0,0,0,0,0,0,0,0,0,0,0,0,0,0,0,0,0,0,0,0,0,0,0,0,0,1,0,0,0,0,0,0,0,0,0,0,0,0,0,0,0,0,0,0,0,0,0,0,0,0,0,0,0,0,1,0,0,1,0,0,0,0,0,0,0,0,0,0,0,0,0,0,0,0,0,0,0,0,1,0,0,0,0,0,0,0,0,0,1,0,0,0,0,0,0,0,0,0,0,0,0,0,0,1,0,0,0,0,0,0,0,0,0,0,0,0,0,0,0,0,0,0,0,0,0,0,0,0,0,0,0,0,1,0,0,0
2774534,필례 게르마늄 온천,0,0,0,0,0,0,0,0,2,0,0,0,0,0,0,0,1,1,0,0,0,0,0,0,0,0,0,0,0,0,0,0,0,0,0,0,0,0,0,0,0,0,0,0,0,0,0,1,0,0,0,0,0,0,0,0,0,0,0,0,0,0,0,0,0,0,0,0,0,0,0,0,0,0,0,0,0,0,0,0,0,0,0,0,0,0,0,0,0,0,0,0,0,0,0,0,0,0,0,0,0,0,0,0,0,0,0,0,0,0,0,0,0,0,0,0,0,0,0,0,0,0,0,0,0,0,0,0,0,0,0,0,0,0,0,0,0,0,0,0,0,0,1,0,0,0,0,0,0,0,0,0,0,0,0,0,0,0,0,0,0,0,0,1,0,0,0,0,0,0,0,0,0,0,0,0,0,0,0,0,0,0,0,0,0,0,0,0,0,0,0,0,0,0,0,0,0,0,0,0,0,0,0,0,0,0,0,0,0,0,0,0,0,0,0,0,0,0,0,0,0
2931955,하늘호수,0,0,0,1,2,0,0,0,8,3,0,3,0,0,0,1,0,0,0,0,0,0,0,0,0,0,0,0,0,0,0,0,0,0,0,0,0,0,0,0,0,1,4,0,0,0,0,0,0,0,0,0,1,0,0,0,0,0,0,0,0,10,0,1,0,1,0,0,0,0,0,0,0,0,0,0,0,0,1,0,0,0,0,0,4,0,2,0,0,4,0,0,5,1,0,2,0,1,0,0,0,0,0,0,0,0,0,0,0,0,0,0,0,1,0,0,0,0,0,0,1,0,0,0,0,0,0,0,0,0,0,0,0,0,0,0,0,0,0,0,2,0,0,0,0,0,0,0,0,0,0,0,0,0,0,0,0,0,1,0,0,0,0,0,0,0,0,0,0,0,0,0,0,0,0,0,0,0,0,0,0,0,0,0,0,0,0,0,0,0,0,0,0,0,0,0,0,0,0,0,0,0,0,0,0,0,0,0,0,0,0,0,0,0,0,0,0,0,0,0,0
3525664,하이디하우스,81,2,0,1,1,0,0,15,2,0,0,1,1,39,4,0,5,2,0,2,1,31,1,2,3,35,1,0,0,0,0,3,0,5,0,6,10,0,30,1,0,2,0,0,0,0,0,3,1,1,0,1,0,0,1,1,2,0,3,0,20,500,0,59,80,188,30,7,12,8,2,12,0,1,1,0,0,0,166,1,1,0,0,0,1,0,0,0,7,2,0,1,3,3,0,1,0,19,2,1,1,0,0,1,2,0,0,1,1,0,0,0,6,2,2,3,0,0,0,0,7,3,1,2,1,0,0,8,0,0,0,1,0,0,0,0,0,1,2,3,1,0,0,0,3,1,1,0,1,0,0,0,0,0,0,0,1,0,0,0,0,0,7,0,4,5,3,8,0,0,0,1,1181,2,39,0,1,28,13,1,3,2,1,4,0,0,0,0,8,1,0,2,2,35,3,1,2,16,18,3,4,2,0,48,0,30,2,15,3,4,59,5,2,14,4,0,6,9,4,1,16
2714875,하이원리조트 HAO 웰니스,7,1,0,5,0,0,0,7,1,0,0,1,0,0,0,0,0,0,0,0,0,1,0,0,0,0,0,0,0,0,0,0,0,0,0,0,0,0,1,0,0,0,0,0,0,0,0,0,0,0,1,0,0,0,0,0,0,0,0,0,2,11,0,0,0,0,0,0,0,0,0,0,0,0,0,0,0,0,3,0,0,0,0,0,0,0,0,0,0,0,0,0,0,0,0,0,0,1,0,0,0,0,0,0,0,0,0,1,0,0,0,6,0,0,0,0,0,0,0,0,1,0,0,0,0,0,0,1,0,0,0,0,0,0,0,0,0,0,0,0,0,0,0,0,0,0,0,0,0,0,0,0,0,0,0,0,0,0,0,0,0,0,1,1,0,0,0,1,0,0,0,0,0,0,0,0,0,2,0,0,0,0,0,0,0,0,0,0,0,0,0,0,0,0,0,0,0,0,0,0,0,0,2,0,1,0,0,1,0,0,0,0,0,0,0,0,0,0,0,1,0
3022275,하이힐링원,0,0,0,0,0,0,0,0,3,1,0,0,0,0,0,0,0,0,0,0,0,0,0,0,0,0,0,0,0,0,0,0,0,0,0,0,0,0,0,0,0,0,1,0,0,0,0,0,0,0,1,0,0,0,0,0,0,0,0,0,0,0,0,0,0,0,0,0,0,0,0,0,0,0,0,0,0,0,0,0,0,0,0,0,0,0,0,0,0,0,0,0,0,0,0,0,0,0,0,0,0,0,0,0,0,0,0,0,0,0,0,0,0,0,0,0,0,0,0,0,0,0,0,0,0,0,0,0,0,0,0,0,0,0,0,0,0,0,0,3,0,0,0,0,0,0,0,0,0,0,0,0,0,0,0,0,0,0,0,0,0,0,0,0,0,0,0,0,0,0,0,0,0,0,0,0,0,0,0,0,0,0,0,0,0,0,0,0,0,0,0,0,0,0,0,0,0,0,0,0,0,0,0,0,0,0,0,0,0,0,0,0,0,0,0,0,0,0,0,0,0
613310,하피랜드,7,0,0,0,0,0,0,0,4,1,0,0,0,0,1,0,0,0,0,0,0,0,0,0,0,1,0,0,0,0,0,0,0,0,0,0,0,0,0,0,0,0,2,1,4,0,0,5,0,0,0,0,0,0,0,0,1,0,2,0,0,28,0,1,1,4,1,0,0,0,0,0,0,0,0,0,0,0,13,0,1,0,0,0,1,1,0,0,3,1,0,0,2,1,0,0,0,0,2,0,0,0,0,0,0,0,0,2,0,0,6,0,0,0,0,0,0,0,0,0,0,0,0,0,0,7,0,0,0,0,0,0,0,0,0,0,0,0,0,0,0,0,0,0,0,0,2,0,0,0,1,0,0,0,0,0,0,0,0,0,0,0,1,1,1,0,0,0,0,0,0,0,6,0,0,0,2,2,0,0,0,0,0,0,0,0,0,0,0,0,1,0,0,1,0,0,2,4,0,0,0,0,0,1,0,1,1,1,0,0,3,1,0,0,0,0,0,0,0,0,1
2589657,한방스파 여용국,147,2,1,4,16,0,0,28,3,0,0,0,3,83,9,2,5,11,0,2,1,66,3,15,5,54,6,3,1,3,0,4,1,5,1,7,13,2,71,2,0,4,0,0,0,0,0,6,2,1,0,4,0,0,1,2,2,0,14,0,33,907,1,93,117,235,46,10,15,13,3,24,1,1,2,0,0,0,258,6,3,6,5,5,5,1,3,3,13,0,0,4,15,9,0,0,0,30,12,1,3,0,0,1,1,2,0,0,1,0,1,0,7,2,2,6,0,0,0,0,16,3,1,2,2,1,0,13,0,0,0,0,0,0,0,0,1,0,2,5,1,0,1,0,3,0,1,0,1,0,0,0,0,0,1,0,2,0,0,0,0,0,12,1,6,3,7,16,0,0,0,3,1468,9,96,6,4,62,23,2,7,4,1,19,0,0,0,0,9,1,0,2,1,56,3,2,7,22,34,4,4,4,0,84,1,58,9,39,5,5,85,12,6,30,4,0,7,16,4,1,25
127886,한방테마파크 초락당,7,0,0,7,41,0,0,4,1,0,0,1,0,7,6,0,0,1,0,0,0,0,0,2,1,0,1,0,0,0,0,0,0,1,0,0,0,0,0,1,0,0,0,0,0,0,0,1,0,3,0,0,1,0,0,0,0,0,0,0,4,63,2,1,3,10,0,0,3,2,0,4,0,1,0,1,0,0,29,2,0,1,1,0,0,1,1,2,11,5,0,0,10,1,0,1,1,3,0,0,0,0,0,0,0,1,0,0,0,0,0,0,0,0,0,0,0,0,0,0,0,0,0,0,0,0,0,0,0,0,0,0,0,0,0,0,0,0,0,0,3,0,0,0,0,0,0,0,0,0,0,0,0,0,0,0,0,1,0,0,0,0,1,0,2,1,0,0,0,0,0,0,2,0,1,0,1,2,2,0,0,0,0,0,0,0,0,0,0,0,1,0,0,1,0,0,0,0,3,1,0,0,0,0,0,3,0,3,0,0,1,1,0,2,0,0,0,0,0,0,1
523983,한방테마파크 초락당 (艸樂堂),7,0,0,7,41,0,0,4,1,0,0,1,0,7,6,0,0,1,0,0,0,0,0,2,1,0,1,0,0,0,0,0,0,1,0,0,0,0,0,1,0,0,0,0,0,0,0,1,0,3,0,0,1,0,0,0,0,0,0,0,4,63,2,1,3,10,0,0,3,2,0,4,0,1,0,1,0,0,29,2,0,1,1,0,0,1,1,2,11,5,0,0,10,1,0,1,1,3,0,0,0,0,0,0,0,1,0,0,0,0,0,0,0,0,0,0,0,0,0,0,0,0,0,0,0,0,0,0,0,0,0,0,0,0,0,0,0,0,0,0,3,0,0,0,0,0,0,0,0,0,0,0,0,0,0,0,0,1,0,0,0,0,1,0,2,1,0,0,0,0,0,0,2,0,1,0,1,2,2,0,0,0,0,0,0,0,0,0,0,0,1,0,0,1,0,0,0,0,3,1,0,0,0,0,0,3,0,3,0,0,1,1,0,2,0,0,0,0,0,0,1
126955,한화리조트 산정호수 안시 온천사우나,0,1,0,5,0,0,0,1,18,3,1,7,0,0,0,0,1,0,0,0,0,0,0,0,1,2,0,0,0,0,0,0,0,0,0,0,0,0,0,0,0,0,0,0,2,0,0,1,0,0,0,0,0,0,0,0,0,0,0,0,3,30,0,1,0,1,0,0,0,0,0,0,0,0,0,0,0,0,2,0,0,0,0,0,0,0,0,0,0,0,1,0,0,0,0,0,0,1,0,0,0,0,0,0,0,0,0,1,0,0,0,0,0,0,0,0,0,0,0,0,4,0,0,0,0,0,0,0,1,0,0,0,0,0,0,0,0,0,0,0,0,0,0,0,0,0,0,0,0,0,0,0,0,0,0,0,0,0,0,0,0,0,0,0,0,0,0,0,0,0,0,0,0,0,0,0,1,0,0,0,0,2,0,0,0,0,0,0,1,0,0,0,0,0,0,0,0,2,0,2,0,0,1,0,0,1,0,2,0,0,0,1,0,0,0,0,0,1,0,0,0
3083459,할매탕,48,1,4,3,0,0,0,16,0,0,0,0,1,15,1,1,6,1,0,0,2,18,1,2,0,15,0,0,0,1,0,1,4,1,0,1,11,1,10,0,0,0,0,0,0,1,0,3,1,0,0,1,1,0,0,0,0,0,3,1,8,209,0,11,25,18,4,1,2,1,1,1,0,0,0,0,0,0,43,1,0,1,2,0,0,0,0,0,2,3,1,0,1,1,0,0,0,9,1,0,0,0,0,0,0,0,0,0,0,0,0,0,3,0,0,1,0,0,0,0,9,3,0,8,0,0,1,1,0,0,0,4,0,0,0,0,0,0,1,2,1,0,0,0,0,0,1,0,1,0,4,1,3,0,0,0,0,0,0,0,0,0,0,0,1,5,1,0,1,0,0,0,328,1,14,3,0,24,1,1,5,1,0,0,0,0,1,0,3,1,0,1,0,8,0,0,4,9,16,2,0,1,1,8,0,6,2,12,2,2,9,2,0,10,2,1,1,3,3,0,7
126829,함평해수찜,0,0,0,1,0,0,0,2,1,2,0,1,0,0,1,0,1,0,0,0,1,1,0,0,1,1,0,0,0,0,0,0,0,0,0,0,0,0,0,0,0,0,0,1,0,0,0,0,1,0,0,0,0,0,0,0,0,0,0,0,1,13,0,1,0,0,0,0,0,0,0,0,0,0,0,0,0,0,5,0,0,0,0,0,0,0,0,0,1,1,0,0,0,0,0,0,0,1,0,0,0,0,0,0,0,0,0,0,0,0,0,0,0,0,0,0,0,0,0,0,0,0,0,0,0,0,0,1,0,0,0,0,0,0,0,0,0,0,0,0,0,0,0,0,0,0,0,0,0,0,0,0,2,0,2,0,0,0,0,0,0,0,1,0,0,0,0,0,0,0,0,0,0,0,0,0,1,0,0,0,0,0,0,0,0,0,0,1,0,0,0,0,0,3,0,0,1,0,0,2,0,0,0,0,1,1,0,1,0,0,1,1,0,0,0,0,0,0,0,0,0
701642,해수워터피아,20,0,0,0,1,0,0,25,3,0,0,0,0,6,5,2,2,3,0,1,3,20,1,3,2,9,0,1,0,0,0,4,1,0,0,1,2,1,12,1,0,0,0,0,0,0,0,2,1,0,0,0,0,0,0,0,0,0,3,4,10,236,1,38,20,22,8,4,1,2,0,6,0,0,1,1,1,0,42,0,0,2,1,1,0,0,0,0,0,3,1,11,4,1,0,0,1,6,2,0,0,0,0,0,2,0,0,4,0,0,1,0,2,1,2,2,0,0,0,0,7,0,0,0,1,0,2,3,0,0,0,0,0,0,0,0,0,0,1,4,1,0,0,0,0,0,0,0,1,0,7,0,0,0,1,0,0,0,0,0,0,0,7,2,1,1,1,0,2,0,0,0,241,1,10,0,0,39,0,1,5,1,0,0,0,0,0,0,5,1,1,1,1,30,0,0,7,16,14,3,0,2,0,13,1,18,3,20,1,1,4,2,0,15,1,0,8,6,0,0,4
126108,해운대온천센터,47,1,4,3,0,0,0,16,0,0,0,0,1,15,1,1,6,1,0,0,2,18,1,2,0,15,0,0,0,1,0,1,4,1,0,1,11,1,10,0,0,0,0,0,0,1,0,3,1,0,0,1,1,0,0,0,0,0,3,1,8,205,0,10,25,18,4,1,2,1,1,1,0,0,0,0,0,0,43,1,0,1,2,0,0,0,0,0,2,3,1,0,1,1,0,0,0,9,1,0,0,0,0,0,0,0,0,0,0,0,0,0,3,0,0,1,0,0,0,0,9,3,0,8,0,0,1,1,0,0,0,4,0,0,0,0,0,0,1,2,0,0,0,0,0,0,1,0,1,0,4,1,3,0,0,0,0,0,0,0,0,0,0,0,1,5,1,0,1,0,0,0,328,1,14,3,0,23,1,1,5,1,0,0,0,0,1,0,3,1,0,1,0,8,0,0,4,9,16,2,0,1,1,8,0,6,2,12,2,2,9,2,0,10,2,1,1,3,3,0,6
127419,허심청,44,0,4,2,0,0,0,11,1,0,0,0,1,15,0,1,2,0,0,1,2,20,0,2,0,18,0,0,0,1,0,1,4,0,0,1,11,1,11,0,0,0,0,0,0,0,0,4,0,0,0,1,1,0,0,0,0,1,3,1,10,172,0,12,20,15,4,1,2,0,0,1,0,0,0,0,0,0,32,0,0,1,4,0,0,0,0,0,2,2,1,0,0,2,0,0,0,11,2,0,0,0,0,0,0,0,0,1,0,1,0,0,3,0,0,0,0,0,0,0,3,2,0,8,1,0,1,0,0,0,0,3,0,0,0,0,0,0,1,1,0,1,1,0,0,0,2,0,0,0,0,0,2,0,0,0,0,0,0,0,0,1,3,0,3,0,2,0,0,0,0,0,200,1,14,2,2,24,0,1,2,1,0,0,0,0,0,0,1,1,0,1,0,9,0,0,1,7,18,2,0,0,1,7,0,7,2,11,1,0,8,3,0,9,3,1,3,3,2,0,8
127132,호미곶 해수탕,0,0,0,3,0,0,0,1,4,2,1,1,0,0,0,1,1,0,0,0,0,4,0,0,0,0,0,0,0,0,0,0,0,0,0,0,0,0,0,0,0,0,0,0,0,1,0,2,0,0,0,0,0,0,0,0,0,0,0,0,0,5,0,1,0,0,0,0,0,0,0,1,0,0,0,0,0,0,6,0,0,0,0,0,0,0,0,0,0,0,0,0,0,1,0,0,0,0,0,0,0,0,0,0,0,0,0,0,0,0,0,0,0,0,0,0,0,0,0,0,0,0,0,0,0,0,0,0,0,0,0,0,0,0,0,0,0,0,0,0,0,0,0,0,0,0,0,0,0,0,1,2,3,0,0,1,0,0,0,0,0,1,1,0,0,0,0,0,0,0,0,0,0,0,0,1,1,0,0,0,0,0,0,0,0,0,1,0,0,0,0,0,0,0,0,0,0,1,3,1,0,0,0,0,0,1,1,2,0,0,0,0,0,0,1,0,0,1,0,0,0
3029946,호미곶온천랜드,0,0,0,3,0,0,0,3,6,1,1,0,0,0,1,0,0,0,0,0,1,6,0,0,0,0,0,0,0,0,0,0,0,0,0,0,0,0,0,0,0,0,0,0,1,1,0,1,0,0,0,0,0,0,0,0,0,0,1,0,0,9,0,1,0,0,0,0,0,0,0,1,0,0,0,0,0,0,7,0,0,0,0,0,0,0,0,1,0,5,0,0,0,1,0,0,0,2,0,0,0,0,0,0,0,0,0,0,0,0,1,0,0,0,0,0,0,0,0,0,1,0,0,0,0,0,0,0,0,0,0,0,0,0,0,0,0,0,0,0,0,0,0,0,0,0,0,0,0,0,2,2,4,0,0,1,0,0,0,0,0,0,0,0,0,0,0,0,0,0,0,0,0,0,0,1,1,1,0,0,0,0,0,0,0,0,0,0,2,0,0,0,0,0,0,0,0,2,3,1,0,0,0,0,0,1,1,2,0,0,0,0,0,0,1,0,0,1,0,0,0
619672,화성식염온천,4,0,0,0,0,0,0,0,1,1,0,0,0,0,0,0,0,0,0,0,0,0,0,0,0,0,0,0,0,0,0,0,0,0,0,0,0,0,0,0,0,0,1,0,3,0,0,5,0,0,0,0,0,0,0,1,1,0,1,0,0,9,0,1,1,1,1,0,0,0,0,0,0,0,0,0,0,0,8,0,0,0,0,0,0,1,0,0,0,0,0,0,1,0,0,0,0,0,1,0,0,0,0,0,0,0,0,1,0,0,0,0,0,0,0,0,0,0,0,0,0,0,0,0,0,2,0,0,0,0,0,0,0,0,0,0,0,0,0,0,0,0,0,0,0,0,1,0,0,0,1,0,0,0,0,0,0,0,0,0,0,0,0,0,1,0,0,0,0,0,0,0,5,0,0,0,1,1,0,0,0,0,0,0,0,0,0,0,0,0,1,0,0,1,0,0,0,3,0,0,0,0,0,0,0,1,2,1,0,0,0,1,0,0,0,0,0,0,0,0,0
2932122,후암별채,156,3,1,9,80,0,0,41,2,0,0,0,3,148,10,7,6,24,0,3,1,83,3,22,4,56,7,8,3,4,2,8,3,6,2,8,8,4,87,8,0,6,0,0,0,0,0,1,1,0,1,4,0,0,2,0,2,0,18,1,57,990,1,111,147,245,51,18,18,13,3,29,0,2,2,0,0,0,304,11,3,13,5,11,9,2,5,2,9,2,1,16,23,12,0,0,1,38,19,1,3,0,0,3,1,3,0,0,0,0,0,0,4,2,3,5,0,1,0,0,22,4,1,2,1,0,0,12,0,0,0,1,0,0,0,0,0,0,0,7,0,1,2,0,3,0,0,0,1,0,0,0,0,0,2,1,1,0,0,1,0,0,2,0,5,10,8,16,1,0,0,4,2041,15,118,6,3,73,21,4,7,3,2,20,0,0,0,0,5,1,0,0,0,59,2,4,12,27,56,7,11,4,0,108,2,90,16,65,3,3,129,12,6,42,4,1,7,16,8,1,37
2994739,휘닉스찜질방 힐링센터,2,1,0,32,2,0,0,3,2,0,0,0,1,0,2,0,0,0,0,0,1,0,0,1,0,0,0,0,0,0,0,0,0,0,0,0,0,0,0,0,0,0,2,0,0,0,0,0,1,0,0,0,0,0,0,0,0,0,0,0,2,84,0,5,0,3,2,0,0,0,0,1,0,0,0,0,0,0,22,0,0,0,0,0,0,1,2,0,0,1,0,0,1,0,0,0,0,0,0,0,0,0,0,0,0,0,0,2,0,0,0,4,0,0,0,0,0,0,0,0,1,0,0,0,0,0,0,0,0,0,0,0,0,0,0,0,0,0,0,0,0,0,1,0,0,0,0,0,0,0,0,0,0,0,0,0,0,0,0,0,0,0,1,0,0,2,0,0,0,0,0,0,0,0,0,0,1,0,0,0,0,0,0,0,0,0,0,0,3,1,0,0,0,1,0,0,0,1,1,0,2,0,2,0,1,0,1,2,0,0,0,0,0,0,0,0,0,1,0,0,0
2738054,휴온천,0,0,0,0,1,0,0,1,5,2,0,0,0,0,1,0,2,2,0,0,0,1,0,1,0,0,0,0,0,0,0,0,0,0,0,0,0,0,0,0,0,0,1,0,0,0,0,2,0,0,0,0,0,0,0,0,0,0,1,0,0,37,0,1,1,1,0,0,0,0,0,1,0,0,0,0,0,0,17,0,0,0,0,0,1,1,1,0,0,2,0,0,3,0,0,2,0,3,2,0,0,0,0,0,0,0,0,0,0,0,0,0,0,0,0,0,0,0,0,0,1,0,0,0,0,0,0,0,0,0,0,0,0,0,0,0,0,0,0,1,1,0,1,0,0,0,1,0,0,0,0,0,0,0,1,0,0,0,0,0,0,0,1,0,2,0,0,0,0,0,0,0,23,0,1,0,2,2,0,0,0,0,0,0,0,0,0,0,1,0,0,0,0,1,0,0,1,1,2,0,0,0,0,1,0,2,1,0,0,0,0,1,0,0,0,0,0,0,0,0,0
2751603,힐사이드온천텔,7,0,0,0,0,0,0,0,3,1,0,0,0,0,0,0,0,0,0,0,0,0,0,0,0,1,0,0,0,0,0,0,0,0,0,0,0,0,0,0,0,0,0,1,3,0,0,5,0,0,0,0,0,0,0,0,1,0,1,0,0,17,0,1,1,4,1,0,0,0,0,0,0,0,0,0,0,0,11,0,0,0,0,0,1,1,0,0,1,0,0,0,1,0,0,0,0,0,2,0,0,0,0,0,0,0,0,1,0,0,4,0,0,0,0,0,0,0,0,0,0,0,0,0,0,4,0,0,0,0,0,0,0,0,0,0,0,0,0,0,0,0,0,0,0,0,1,0,0,0,1,0,0,0,0,0,0,0,0,0,0,0,0,1,1,0,0,0,0,0,0,0,6,0,0,0,2,1,0,0,0,0,0,0,0,0,0,0,0,0,1,0,0,1,0,0,1,3,0,0,0,0,0,1,0,1,1,1,0,0,0,1,0,0,0,0,0,0,0,0,1
129698,JFK 대천 워터파크,4,2,0,4,0,0,0,4,4,2,1,0,0,0,1,0,1,0,0,0,1,4,1,0,1,1,0,0,0,0,0,0,0,0,0,0,0,0,0,0,0,0,0,0,0,2,0,1,0,0,0,0,0,0,0,0,0,0,0,2,0,12,0,1,1,0,0,1,0,0,0,0,0,0,0,0,0,0,5,0,0,0,0,0,0,0,0,0,0,0,0,0,1,0,0,0,0,1,0,0,0,0,0,0,0,0,0,0,0,0,0,0,0,0,0,0,0,0,0,0,2,0,0,0,0,0,1,0,0,0,0,0,0,0,1,0,0,0,1,0,0,0,0,0,0,0,0,0,1,0,4,0,4,0,0,0,0,0,0,0,0,0,0,0,2,1,0,0,0,0,0,0,2,0,0,0,1,2,0,0,2,1,0,0,0,0,0,0,0,0,0,0,0,2,0,0,0,2,0,1,0,1,3,2,0,0,0,1,0,0,0,0,0,0,0,0,0,0,0,0,0
2769761,RI온천(RI온천호텔),5,1,1,0,0,0,0,0,6,0,0,2,0,0,2,0,1,0,1,0,0,1,0,0,0,0,0,0,0,0,0,0,0,0,0,0,0,0,0,1,0,0,0,0,0,0,0,2,0,0,0,0,1,0,0,0,0,0,0,0,0,12,0,0,0,0,0,0,0,0,0,0,0,0,0,0,0,0,1,0,0,1,0,0,1,0,1,0,0,4,0,0,2,2,0,3,0,2,1,0,0,0,0,0,0,0,0,0,0,0,0,0,0,0,0,0,0,0,0,0,0,0,0,0,0,0,0,0,0,0,0,0,0,0,0,0,0,0,0,1,0,1,0,0,0,0,0,0,0,0,0,0,0,0,2,0,0,0,0,0,0,0,0,0,0,0,0,0,0,0,0,0,0,0,0,0,0,0,0,0,0,0,0,0,0,0,0,0,0,0,0,0,0,0,0,0,0,0,0,0,0,1,0,0,0,3,0,0,0,0,0,0,0,0,0,0,0,0,0,0,0
2660731,SPA 1899,137,2,1,3,7,0,0,26,3,0,0,0,3,76,9,1,6,7,0,2,1,64,3,10,4,50,5,2,0,2,0,4,1,5,1,6,13,1,62,2,0,4,0,0,0,0,0,5,2,1,0,4,0,0,1,2,2,0,11,0,34,792,1,80,112,220,39,9,16,13,3,23,1,1,2,0,0,0,232,6,3,5,4,5,5,1,1,2,11,1,0,4,9,9,0,1,0,29,9,1,2,0,0,1,0,2,0,0,1,0,1,0,6,2,2,5,0,0,0,0,13,3,1,2,2,1,0,12,0,0,0,0,0,0,0,0,1,1,2,5,1,0,1,0,3,0,1,0,1,0,0,0,0,0,1,0,2,0,0,0,0,0,12,1,6,3,7,14,0,0,0,2,1419,8,81,6,2,60,23,1,6,4,1,16,0,0,0,0,9,1,0,2,1,52,3,2,7,21,29,4,4,4,0,75,1,53,6,32,4,5,71,9,5,26,4,0,7,13,4,1,21